"experiment","condition","id","parameter","model","RMSD","PEARSON"
"E1","3",3,1,"weight_window_create",0.3038218101251,0.938911499741684
"E1","3",3,1,"weight_linear_create",0.312147236790425,0.941873807705371
"E1","3",3,2,"weight_window_create",0.366899692852671,0.915417703732275
"E1","3",3,2,"weight_linear_create",0.35582254932717,0.920649574679858
"E1","3",3,3,"weight_window_create",0.405938819018734,0.88664123944302
"E1","3",3,3,"weight_linear_create",0.374156601429351,0.909293928836292
"E1","3",6,1,"weight_window_create",1.99692070641082,0.33557660000979
"E1","3",6,1,"weight_linear_create",1.09513297791466,0.393165871504284
"E1","3",6,2,"weight_window_create",0.769615288509585,0.40540474113901
"E1","3",6,2,"weight_linear_create",0.710492786733265,0.326508996334863
"E1","3",6,3,"weight_window_create",0.690100946412419,0.385171828171671
"E1","3",6,3,"weight_linear_create",0.809230716172594,0.0946672330324616
"E1","3",6,4,"weight_window_create",0.848414811461759,0.0598671790811784
"E1","3",6,4,"weight_linear_create",0.881651150883504,0.0137019351648567
"E1","3",6,5,"weight_window_create",0.971469940941997,-0.0780005091233954
"E1","3",6,5,"weight_linear_create",0.920452426019945,-0.0208623514525988
"E1","3",6,6,"weight_window_create",1.03992932041221,-0.103450438019569
"E1","3",6,6,"weight_linear_create",0.944156598833813,-0.039790525280711
"E1","1",3,1,"weight_window_create",0.652771867585538,0.557930105530225
"E1","1",3,1,"weight_linear_create",0.479969134810115,0.702236963608751
"E1","1",3,2,"weight_window_create",0.431888617328331,0.757576827715534
"E1","1",3,2,"weight_linear_create",0.366273638965218,0.828863232529401
"E1","1",3,3,"weight_window_create",0.33655847179691,0.864724453072881
"E1","1",3,3,"weight_linear_create",0.351603030928382,0.846641824627947
"E1","1",6,1,"weight_window_create",0.91712109947984,0.498278205313852
"E1","1",6,1,"weight_linear_create",0.823085132779392,0.384654018629919
"E1","1",6,2,"weight_window_create",0.824368445134415,0.298845164021762
"E1","1",6,2,"weight_linear_create",0.494373902583415,0.579247971894729
"E1","1",6,3,"weight_window_create",0.602259121460785,0.604957168220318
"E1","1",6,3,"weight_linear_create",0.449388599520153,0.635679979285022
"E1","1",6,4,"weight_window_create",0.453688586293873,0.668525153694915
"E1","1",6,4,"weight_linear_create",0.443304322761834,0.64728112685471
"E1","1",6,5,"weight_window_create",0.428304149459755,0.669157129450868
"E1","1",6,5,"weight_linear_create",0.442795707306179,0.650712760594728
"E1","1",6,6,"weight_window_create",0.449073119510249,0.652270524942664
"E1","1",6,6,"weight_linear_create",0.443185351022147,0.65203992866994
"E1","2a",3,1,"weight_window_create",0.546504040851179,0.290454043598625
"E1","2a",3,1,"weight_linear_create",0.396746023807936,0.55060725555145
"E1","2a",3,2,"weight_window_create",0.354259791678367,0.650352745385677
"E1","2a",3,2,"weight_linear_create",0.259613514584146,0.808315179611132
"E1","2a",3,3,"weight_window_create",0.246456366809098,0.832952196460151
"E1","2a",3,3,"weight_linear_create",0.248330723327075,0.826872475426859
"E1","2a",6,1,"weight_window_create",0.868715526893969,0.116710787301323
"E1","2a",6,1,"weight_linear_create",0.666555546294753,0.205836537312133
"E1","2a",6,2,"weight_window_create",0.889006936605859,0.248171577832848
"E1","2a",6,2,"weight_linear_create",0.53654449955246,0.390345197285971
"E1","2a",6,3,"weight_window_create",0.56358639943635,0.417222298109005
"E1","2a",6,3,"weight_linear_create",0.486906411298483,0.474679551637192
"E1","2a",6,4,"weight_window_create",0.479756882875761,0.492856803039151
"E1","2a",6,4,"weight_linear_create",0.498263283171867,0.501174732634401
"E1","2a",6,5,"weight_window_create",0.501384749136496,0.530493777816325
"E1","2a",6,5,"weight_linear_create",0.510107549379693,0.511125467355562
"E1","2a",6,6,"weight_window_create",0.56134758493389,0.529121812063017
"E1","2a",6,6,"weight_linear_create",0.518728745728062,0.516087367122911
"E1","5b",3,1,"weight_window_create",0.640312423743285,0.577517339577868
"E1","5b",3,1,"weight_linear_create",0.515859584684739,0.656892893978414
"E1","5b",3,2,"weight_window_create",0.480884601541784,0.682431709063157
"E1","5b",3,2,"weight_linear_create",0.402538242949707,0.777754127566801
"E1","5b",3,3,"weight_window_create",0.358623913189167,0.823499415507778
"E1","5b",3,3,"weight_linear_create",0.383637560436641,0.797675891337866
"E1","5b",9,1,"weight_window_create",0.95,0.579798842059407
"E1","5b",9,1,"weight_linear_create",0.93571125650788,0.574934622268164
"E1","5b",9,2,"weight_window_create",0.935748363610645,0.565127377011724
"E1","5b",9,2,"weight_linear_create",0.677550736107636,0.598027836722424
"E1","5b",9,3,"weight_window_create",0.887881373457814,0.562695427405808
"E1","5b",9,3,"weight_linear_create",0.495112163475882,0.604325155148675
"E1","5b",9,4,"weight_window_create",0.51280478741915,0.598783677933448
"E1","5b",9,4,"weight_linear_create",0.474772525128913,0.61730886650722
"E1","5b",9,5,"weight_window_create",0.696634768009751,0.555357985753205
"E1","5b",9,5,"weight_linear_create",0.45976674470171,0.629374868157483
"E1","5b",9,6,"weight_window_create",0.560009920547048,0.593278413168794
"E1","5b",9,6,"weight_linear_create",0.453869253621256,0.634307911295773
"E1","5b",9,7,"weight_window_create",0.490418396964911,0.614745632399576
"E1","5b",9,7,"weight_linear_create",0.450870214826045,0.636846999993955
"E1","5b",9,8,"weight_window_create",0.458768732587564,0.625056316155564
"E1","5b",9,8,"weight_linear_create",0.449100801037423,0.638348381373577
"E1","5b",9,9,"weight_window_create",0.443088208479787,0.64327950253687
"E1","5b",9,9,"weight_linear_create",0.447951019530273,0.639322081612733
"E1","5b",6,1,"weight_window_create",1.09201648339208,0.55158639205127
"E1","5b",6,1,"weight_linear_create",1.11430097669645,0.56672257560134
"E1","5b",6,2,"weight_window_create",1.15298525576002,0.5670470489809
"E1","5b",6,2,"weight_linear_create",0.711898869222307,0.599123675172358
"E1","5b",6,3,"weight_window_create",0.711024300256718,0.604871280712098
"E1","5b",6,3,"weight_linear_create",0.862368331005955,0.578167587357071
"E1","5b",6,4,"weight_window_create",0.91361233573108,0.540903162186014
"E1","5b",6,4,"weight_linear_create",0.991595768005191,0.53926273952131
"E1","5b",6,5,"weight_window_create",1.09270307037182,0.521534391116363
"E1","5b",6,5,"weight_linear_create",1.05961616623808,0.513799295686897
"E1","5b",6,6,"weight_window_create",1.26389499388025,0.420813544783441
"E1","5b",6,6,"weight_linear_create",1.10073879048921,0.496891793604002
"E1","7",3,1,"weight_window_create",0.381246425831512,0.881672466032614
"E1","7",3,1,"weight_linear_create",0.274356187882572,0.939470705449664
"E1","7",3,2,"weight_window_create",0.270228155109629,0.941658943139975
"E1","7",3,2,"weight_linear_create",0.200351399593259,0.969529083534321
"E1","7",3,3,"weight_window_create",0.194165543796866,0.971143758563579
"E1","7",3,3,"weight_linear_create",0.194819203272738,0.971250550699401
"E1","7",9,1,"weight_window_create",0.537652087731333,0.747537694833099
"E1","7",9,1,"weight_linear_create",0.491504046158504,0.78212006815209
"E1","7",9,2,"weight_window_create",0.49356321901332,0.777821162654228
"E1","7",9,2,"weight_linear_create",0.433125471911552,0.771686296877603
"E1","7",9,3,"weight_window_create",0.466694351338282,0.77573482804613
"E1","7",9,3,"weight_linear_create",0.474646324689081,0.737419095762559
"E1","7",9,4,"weight_window_create",0.47368238303741,0.706551813640185
"E1","7",9,4,"weight_linear_create",0.48192382615682,0.7426786086453
"E1","7",9,5,"weight_window_create",0.720453668442387,0.647034602550482
"E1","7",9,5,"weight_linear_create",0.468159892432197,0.751211836142047
"E1","7",9,6,"weight_window_create",0.61090245439475,0.695458992429648
"E1","7",9,6,"weight_linear_create",0.464076750244736,0.752070710020918
"E1","7",9,7,"weight_window_create",0.53374697217044,0.723641492980373
"E1","7",9,7,"weight_linear_create",0.462555503726998,0.751439599732623
"E1","7",9,8,"weight_window_create",0.490903625815325,0.738492326799613
"E1","7",9,8,"weight_linear_create",0.461933005917016,0.750536827546891
"E1","7",9,9,"weight_window_create",0.463547004561394,0.740325383075079
"E1","7",9,9,"weight_linear_create",0.461681114901335,0.749656175178913
"E1","7",6,1,"weight_window_create",0.821513068021582,0.46483695947492
"E1","7",6,1,"weight_linear_create",0.771839642742278,0.460342862189242
"E1","7",6,2,"weight_window_create",0.925636173440405,0.423174839982101
"E1","7",6,2,"weight_linear_create",0.616091566429021,0.508021066000927
"E1","7",6,3,"weight_window_create",0.644936549169591,0.452465789674434
"E1","7",6,3,"weight_linear_create",0.689150692444777,0.490276381672689
"E1","7",6,4,"weight_window_create",0.691004399481913,0.496005436050652
"E1","7",6,4,"weight_linear_create",0.76094181537412,0.458805346883443
"E1","7",6,5,"weight_window_create",0.806002192852923,0.457921980940895
"E1","7",6,5,"weight_linear_create",0.800059070457706,0.441191756686715
"E1","7",6,6,"weight_window_create",0.92138055051268,0.387420397445254
"E1","7",6,6,"weight_linear_create",0.824059962565507,0.4303795907688
"E1","4",3,1,"weight_window_create",0.319089614086986,0.850008958522114
"E1","4",3,1,"weight_linear_create",0.257415279776913,0.917228053763466
"E1","4",3,2,"weight_window_create",0.255840859626733,0.928986792398433
"E1","4",3,2,"weight_linear_create",0.185198652708943,0.961803161645087
"E1","4",3,3,"weight_window_create",0.175234330846072,0.967633749418538
"E1","4",3,3,"weight_linear_create",0.17852368770196,0.965686567838572
"E1","4",6,1,"weight_window_create",1.37510330190466,0.364906278080333
"E1","4",6,1,"weight_linear_create",0.655358641886219,0.460466605915027
"E1","4",6,2,"weight_window_create",0.637466576663935,0.4850808439503
"E1","4",6,2,"weight_linear_create",0.606420196353531,0.501122693093457
"E1","4",6,3,"weight_window_create",0.914529188360676,0.46778976156282
"E1","4",6,3,"weight_linear_create",0.513298716194577,0.556538842338861
"E1","4",6,4,"weight_window_create",0.5510320894797,0.543315679957522
"E1","4",6,4,"weight_linear_create",0.506318701608283,0.575929647876768
"E1","4",6,5,"weight_window_create",0.49433150452266,0.597344159302812
"E1","4",6,5,"weight_linear_create",0.511430730104014,0.584604452152906
"E1","4",6,6,"weight_window_create",0.551215369740707,0.606709663164724
"E1","4",6,6,"weight_linear_create",0.516771515723121,0.589489101974089
"E1","6",3,1,"weight_window_create",0.433234702779346,0.834327572015256
"E1","6",3,1,"weight_linear_create",0.215628677350037,0.950995775477289
"E1","6",3,2,"weight_window_create",0.164082530828473,0.973319072431935
"E1","6",3,2,"weight_linear_create",0.154943852220508,0.973360745429929
"E1","6",3,3,"weight_window_create",0.153589529557661,0.973499808567059
"E1","6",3,3,"weight_linear_create",0.151572949349015,0.9743688195444
"E1","6",6,1,"weight_window_create",0.959166304662544,0.534026187397419
"E1","6",6,1,"weight_linear_create",0.930765698940816,0.549964533516134
"E1","6",6,2,"weight_window_create",0.925285818627869,0.551687417577682
"E1","6",6,2,"weight_linear_create",0.642231685968186,0.586733805400106
"E1","6",6,3,"weight_window_create",0.81481999480353,0.580674251278008
"E1","6",6,3,"weight_linear_create",0.536639412837364,0.611430920684135
"E1","6",6,4,"weight_window_create",0.532952588452727,0.585862347374052
"E1","6",6,4,"weight_linear_create",0.649612334883313,0.602493549855129
"E1","6",6,5,"weight_window_create",0.718888030224457,0.583470161085093
"E1","6",6,5,"weight_linear_create",0.722728816410606,0.592514928075341
"E1","6",6,6,"weight_window_create",0.960368519011162,0.545064629184442
"E1","6",6,6,"weight_linear_create",0.76904072278865,0.584931422197661
"E1","2a_average",3,1,"weight_window_create",0.0266666666666673,NA
"E1","2a_average",3,1,"weight_linear_create",0.0600000000000005,NA
"E1","2a_average",3,2,"weight_window_create",0.0766666666666671,NA
"E1","2a_average",3,2,"weight_linear_create",0.0525925925925925,NA
"E1","2a_average",3,3,"weight_window_create",0.0488888888888894,NA
"E1","2a_average",3,3,"weight_linear_create",0.0511111111111111,NA
"E1","2a_average",6,1,"weight_window_create",0.493333333333333,NA
"E1","2a_average",6,1,"weight_linear_create",0.288888888888889,NA
"E1","2a_average",6,2,"weight_window_create",0.68,NA
"E1","2a_average",6,2,"weight_linear_create",0.130666666666667,NA
"E1","2a_average",6,3,"weight_window_create",0.222222222222222,NA
"E1","2a_average",6,3,"weight_linear_create",0.079047619047619,NA
"E1","2a_average",6,4,"weight_window_create",0.0566666666666666,NA
"E1","2a_average",6,4,"weight_linear_create",0.168282828282828,NA
"E1","2a_average",6,5,"weight_window_create",0.204,NA
"E1","2a_average",6,5,"weight_linear_create",0.209925925925926,NA
"E1","2a_average",6,6,"weight_window_create",0.324444444444444,NA
"E1","2a_average",6,6,"weight_linear_create",0.234035087719298,NA
"E1","7_average",3,1,"weight_window_create",0.0116279069767442,NA
"E1","7_average",3,1,"weight_linear_create",0.0131782945736436,NA
"E1","7_average",3,2,"weight_window_create",0.0255813953488371,NA
"E1","7_average",3,2,"weight_linear_create",0.0121447028423773,NA
"E1","7_average",3,3,"weight_window_create",0.0116279069767442,NA
"E1","7_average",3,3,"weight_linear_create",0.0119379844961243,NA
"E1","7_average",9,1,"weight_window_create",0.253488372093024,NA
"E1","7_average",9,1,"weight_linear_create",0.244186046511628,NA
"E1","7_average",9,2,"weight_window_create",0.23953488372093,NA
"E1","7_average",9,2,"weight_linear_create",0.100232558139536,NA
"E1","7_average",9,3,"weight_window_create",0.172868217054265,NA
"E1","7_average",9,3,"weight_linear_create",0.197864261983863,NA
"E1","7_average",9,4,"weight_window_create",0.0622093023255808,NA
"E1","7_average",9,4,"weight_linear_create",0.231358434846807,NA
"E1","7_average",9,5,"weight_window_create",0.536445182724252,NA
"E1","7_average",9,5,"weight_linear_create",0.216974283253353,NA
"E1","7_average",9,6,"weight_window_create",0.412541528239202,NA
"E1","7_average",9,6,"weight_linear_create",0.209782207456625,NA
"E1","7_average",9,7,"weight_window_create",0.313075462743236,NA
"E1","7_average",9,7,"weight_linear_create",0.20546696197859,NA
"E1","7_average",9,8,"weight_window_create",0.247778239202658,NA
"E1","7_average",9,8,"weight_linear_create",0.202590131659899,NA
"E1","7_average",9,9,"weight_window_create",0.188205980066445,NA
"E1","7_average",9,9,"weight_linear_create",0.200535252860834,NA
"E1","7_average",6,1,"weight_window_create",0.204651162790698,NA
"E1","7_average",6,1,"weight_linear_create",0.350664451827243,NA
"E1","7_average",6,2,"weight_window_create",0.628322259136213,NA
"E1","7_average",6,2,"weight_linear_create",0.00486710963455161,NA
"E1","7_average",6,3,"weight_window_create",0.0258582502768547,NA
"E1","7_average",6,3,"weight_linear_create",0.287066919791172,NA
"E1","7_average",6,4,"weight_window_create",0.294559800664452,NA
"E1","7_average",6,4,"weight_linear_create",0.402078928823115,NA
"E1","7_average",6,5,"weight_window_create",0.471926910299003,NA
"E1","7_average",6,5,"weight_linear_create",0.455751199704688,NA
"E1","7_average",6,6,"weight_window_create",0.603349944629014,NA
"E1","7_average",6,6,"weight_linear_create",0.486824619688757,NA
"E1","5b_average",3,1,"weight_window_create",0.0750000000000002,NA
"E1","5b_average",3,1,"weight_linear_create",0.0499999999999998,NA
"E1","5b_average",3,2,"weight_window_create",0.0374999999999996,NA
"E1","5b_average",3,2,"weight_linear_create",0.052777777777778,NA
"E1","5b_average",3,3,"weight_window_create",0.0541666666666671,NA
"E1","5b_average",3,3,"weight_linear_create",0.0533333333333337,NA
"E1","5b_average",9,1,"weight_window_create",0.7375,NA
"E1","5b_average",9,1,"weight_linear_create",0.716666666666667,NA
"E1","5b_average",9,2,"weight_window_create",0.70625,NA
"E1","5b_average",9,2,"weight_linear_create",0.39875,NA
"E1","5b_average",9,3,"weight_window_create",0.625,NA
"E1","5b_average",9,3,"weight_linear_create",0.0083333333333333,NA
"E1","5b_average",9,4,"weight_window_create",0.00937500000000036,NA
"E1","5b_average",9,4,"weight_linear_create",0.0520833333333335,NA
"E1","5b_average",9,5,"weight_window_create",0.4825,NA
"E1","5b_average",9,5,"weight_linear_create",0.0324074074074074,NA
"E1","5b_average",9,6,"weight_window_create",0.291666666666667,NA
"E1","5b_average",9,6,"weight_linear_create",0.0225694444444446,NA
"E1","5b_average",9,7,"weight_window_create",0.160714285714286,NA
"E1","5b_average",9,7,"weight_linear_create",0.0166666666666671,NA
"E1","5b_average",9,8,"weight_window_create",0.0718750000000004,NA
"E1","5b_average",9,8,"weight_linear_create",0.0127314814814818,NA
"E1","5b_average",9,9,"weight_window_create",0.00694444444444375,NA
"E1","5b_average",9,9,"weight_linear_create",0.00992063492063533,NA
"E1","5b_average",6,1,"weight_window_create",0.6375,NA
"E1","5b_average",6,1,"weight_linear_create",0.791666666666666,NA
"E1","5b_average",6,2,"weight_window_create",0.86875,NA
"E1","5b_average",6,2,"weight_linear_create",0.00749999999999984,NA
"E1","5b_average",6,3,"weight_window_create",0.0666666666666669,NA
"E1","5b_average",6,3,"weight_linear_create",0.461309523809524,NA
"E1","5b_average",6,4,"weight_window_create",0.525,NA
"E1","5b_average",6,4,"weight_linear_create",0.647348484848485,NA
"E1","5b_average",6,5,"weight_window_create",0.785,NA
"E1","5b_average",6,5,"weight_linear_create",0.734166666666667,NA
"E1","5b_average",6,6,"weight_window_create",0.972916666666667,NA
"E1","5b_average",6,6,"weight_linear_create",0.784429824561404,NA
"E1","3_average",3,1,"weight_window_create",0.123076923076923,NA
"E1","3_average",3,1,"weight_linear_create",0.158974358974358,NA
"E1","3_average",3,2,"weight_window_create",0.176923076923077,NA
"E1","3_average",3,2,"weight_linear_create",0.148717948717949,NA
"E1","3_average",3,3,"weight_window_create",0.143589743589743,NA
"E1","3_average",3,3,"weight_linear_create",0.146666666666667,NA
"E1","3_average",6,1,"weight_window_create",1.84615384615385,NA
"E1","3_average",6,1,"weight_linear_create",0.841025641025641,NA
"E1","3_average",6,2,"weight_window_create",0.338461538461539,NA
"E1","3_average",6,2,"weight_linear_create",0.104615384615385,NA
"E1","3_average",6,3,"weight_window_create",0.0666666666666664,NA
"E1","3_average",6,3,"weight_linear_create",0.217582417582418,NA
"E1","3_average",6,4,"weight_window_create",0.319230769230769,NA
"E1","3_average",6,4,"weight_linear_create",0.342657342657342,NA
"E1","3_average",6,5,"weight_window_create",0.449230769230769,NA
"E1","3_average",6,5,"weight_linear_create",0.401025641025641,NA
"E1","3_average",6,6,"weight_window_create",0.561538461538461,NA
"E1","3_average",6,6,"weight_linear_create",0.434817813765182,NA
"E1","6_adjusted",3,1,"weight_window_create",0.433234702779346,0.834327572015256
"E1","6_adjusted",3,1,"weight_linear_create",0.215628677350037,0.950995775477289
"E1","6_adjusted",3,2,"weight_window_create",0.164082530828473,0.973319072431935
"E1","6_adjusted",3,2,"weight_linear_create",0.154943852220508,0.973360745429929
"E1","6_adjusted",3,3,"weight_window_create",0.153589529557661,0.973499808567059
"E1","6_adjusted",3,3,"weight_linear_create",0.151572949349015,0.9743688195444
"E1","6_adjusted",6,1,"weight_window_create",0.959166304662544,0.534026187397419
"E1","6_adjusted",6,1,"weight_linear_create",0.930765698940816,0.549964533516134
"E1","6_adjusted",6,2,"weight_window_create",0.925285818627869,0.551687417577682
"E1","6_adjusted",6,2,"weight_linear_create",0.562439740361989,0.592870327151897
"E1","6_adjusted",6,3,"weight_window_create",0.587767033330456,0.600433483855035
"E1","6_adjusted",6,3,"weight_linear_create",0.870370061099489,0.565795847399772
"E1","6_adjusted",6,4,"weight_window_create",0.9451800805219,0.537006176113657
"E1","6_adjusted",6,4,"weight_linear_create",1.04417779543959,0.535250477244795
"E1","6_adjusted",6,5,"weight_window_create",1.17865634059753,0.495321083478065
"E1","6_adjusted",6,5,"weight_linear_create",1.12970089915758,0.517110886927411
"E1","6_adjusted",6,6,"weight_window_create",1.37404201281891,0.457461820239229
"E1","6_adjusted",6,6,"weight_linear_create",1.18015610229656,0.505622382083529
"E1","4_average",3,1,"weight_window_create",0.0727272727272723,NA
"E1","4_average",3,1,"weight_linear_create",0.0969696969696967,NA
"E1","4_average",3,2,"weight_window_create",0.109090909090909,NA
"E1","4_average",3,2,"weight_linear_create",0.105050505050505,NA
"E1","4_average",3,3,"weight_window_create",0.109090909090908,NA
"E1","4_average",3,3,"weight_linear_create",0.106666666666666,NA
"E1","4_average",6,1,"weight_window_create",1.12727272727273,NA
"E1","4_average",6,1,"weight_linear_create",0.212121212121212,NA
"E1","4_average",6,2,"weight_window_create",0.245454545454545,NA
"E1","4_average",6,2,"weight_linear_create",0.212727272727273,NA
"E1","4_average",6,3,"weight_window_create",0.678787878787879,NA
"E1","4_average",6,3,"weight_linear_create",0.00779220779220768,NA
"E1","4_average",6,4,"weight_window_create",0.181818181818182,NA
"E1","4_average",6,4,"weight_linear_create",0.112947658402204,NA
"E1","4_average",6,5,"weight_window_create",0.101818181818182,NA
"E1","4_average",6,5,"weight_linear_create",0.162020202020202,NA
"E1","4_average",6,6,"weight_window_create",0.296969696969697,NA
"E1","4_average",6,6,"weight_linear_create",0.190430622009569,NA
"E1","1_average",3,1,"weight_window_create",0.161111111111111,NA
"E1","1_average",3,1,"weight_linear_create",0.181481481481482,NA
"E1","1_average",3,2,"weight_window_create",0.191666666666666,NA
"E1","1_average",3,2,"weight_linear_create",0.175308641975309,NA
"E1","1_average",3,3,"weight_window_create",0.172222222222222,NA
"E1","1_average",3,3,"weight_linear_create",0.174074074074074,NA
"E1","1_average",6,1,"weight_window_create",0.644444444444444,NA
"E1","1_average",6,1,"weight_linear_create",0.461111111111112,NA
"E1","1_average",6,2,"weight_window_create",0.369444444444444,NA
"E1","1_average",6,2,"weight_linear_create",0.0261111111111108,NA
"E1","1_average",6,3,"weight_window_create",0.374074074074074,NA
"E1","1_average",6,3,"weight_linear_create",0.019047619047619,NA
"E1","1_average",6,4,"weight_window_create",0.130555555555556,NA
"E1","1_average",6,4,"weight_linear_create",0.0511784511784517,NA
"E1","1_average",6,5,"weight_window_create",0.00333333333333341,NA
"E1","1_average",6,5,"weight_linear_create",0.0661728395061734,NA
"E1","1_average",6,6,"weight_window_create",0.107407407407408,NA
"E1","1_average",6,6,"weight_linear_create",0.0748538011695907,NA
"E1","6_average",3,1,"weight_window_create",0.0153846153846153,NA
"E1","6_average",3,1,"weight_linear_create",0.0307692307692307,NA
"E1","6_average",3,2,"weight_window_create",0.0538461538461537,NA
"E1","6_average",3,2,"weight_linear_create",0.0205128205128204,NA
"E1","6_average",3,3,"weight_window_create",0.0153846153846153,NA
"E1","6_average",3,3,"weight_linear_create",0.0184615384615388,NA
"E1","6_average",6,1,"weight_window_create",0.661538461538462,NA
"E1","6_average",6,1,"weight_linear_create",0.676923076923077,NA
"E1","6_average",6,2,"weight_window_create",0.684615384615385,NA
"E1","6_average",6,2,"weight_linear_create",0.343076923076923,NA
"E1","6_average",6,3,"weight_window_create",0.605128205128205,NA
"E1","6_average",6,3,"weight_linear_create",0.183882783882784,NA
"E1","6_average",6,4,"weight_window_create",0.103846153846154,NA
"E1","6_average",6,4,"weight_linear_create",0.406993006993007,NA
"E1","6_average",6,5,"weight_window_create",0.501538461538461,NA
"E1","6_average",6,5,"weight_linear_create",0.511111111111111,NA
"E1","6_average",6,6,"weight_window_create",0.797435897435897,NA
"E1","6_average",6,6,"weight_linear_create",0.571390013495277,NA
"E1","6_adjusted_average",3,1,"weight_window_create",0.0153846153846153,NA
"E1","6_adjusted_average",3,1,"weight_linear_create",0.0307692307692307,NA
"E1","6_adjusted_average",3,2,"weight_window_create",0.0538461538461537,NA
"E1","6_adjusted_average",3,2,"weight_linear_create",0.0205128205128204,NA
"E1","6_adjusted_average",3,3,"weight_window_create",0.0153846153846153,NA
"E1","6_adjusted_average",3,3,"weight_linear_create",0.0184615384615388,NA
"E1","6_adjusted_average",6,1,"weight_window_create",0.661538461538462,NA
"E1","6_adjusted_average",6,1,"weight_linear_create",0.676923076923077,NA
"E1","6_adjusted_average",6,2,"weight_window_create",0.684615384615385,NA
"E1","6_adjusted_average",6,2,"weight_linear_create",0.186153846153846,NA
"E1","6_adjusted_average",6,3,"weight_window_create",0.276923076923077,NA
"E1","6_adjusted_average",6,3,"weight_linear_create",0.687912087912088,NA
"E1","6_adjusted_average",6,4,"weight_window_create",0.765384615384615,NA
"E1","6_adjusted_average",6,4,"weight_linear_create",0.888111888111888,NA
"E1","6_adjusted_average",6,5,"weight_window_create",1.03076923076923,NA
"E1","6_adjusted_average",6,5,"weight_linear_create",0.981538461538461,NA
"E1","6_adjusted_average",6,6,"weight_window_create",1.23846153846154,NA
"E1","6_adjusted_average",6,6,"weight_linear_create",1.03562753036437,NA
"E2a","5a_average",3,1,"weight_window_create",0.158333333333333,NA
"E2a","5a_average",3,1,"weight_linear_create",0.0472222222222216,NA
"E2a","5a_average",3,2,"weight_window_create",0.00833333333333375,NA
"E2a","5a_average",3,2,"weight_linear_create",0.0064814814814822,NA
"E2a","5a_average",3,3,"weight_window_create",0.0333333333333341,NA
"E2a","5a_average",3,3,"weight_linear_create",0.0172222222222222,NA
"E2a","5a_average",6,1,"weight_window_create",0.579166666666667,NA
"E2a","5a_average",6,1,"weight_linear_create",0.684722222222222,NA
"E2a","5a_average",6,2,"weight_window_create",0.7375,NA
"E2a","5a_average",6,2,"weight_linear_create",0.0283333333333338,NA
"E2a","5a_average",6,3,"weight_window_create",0.0152777777777775,NA
"E2a","5a_average",6,3,"weight_linear_create",0.433928571428571,NA
"E2a","5a_average",6,4,"weight_window_create",0.43125,NA
"E2a","5a_average",6,4,"weight_linear_create",0.619065656565656,NA
"E2a","5a_average",6,5,"weight_window_create",0.7475,NA
"E2a","5a_average",6,5,"weight_linear_create",0.705462962962963,NA
"E2a","5a_average",6,6,"weight_window_create",0.943055555555556,NA
"E2a","5a_average",6,6,"weight_linear_create",0.755482456140351,NA
"E2a","6_adjusted",3,1,"weight_window_create",0.58309518948453,0.772875837597117
"E2a","6_adjusted",3,1,"weight_linear_create",0.404210642346591,0.883022389607756
"E2a","6_adjusted",3,2,"weight_window_create",0.343303281162798,0.913720398344831
"E2a","6_adjusted",3,2,"weight_linear_create",0.252954325229986,0.952434091015558
"E2a","6_adjusted",3,3,"weight_window_create",0.201055416299289,0.969630927350773
"E2a","6_adjusted",3,3,"weight_linear_create",0.22906296354898,0.960978581916926
"E2a","6_adjusted",6,1,"weight_window_create",1.02469507659596,0.42798117731016
"E2a","6_adjusted",6,1,"weight_linear_create",0.958255690436518,0.434264933333423
"E2a","6_adjusted",6,2,"weight_window_create",0.951815308214982,0.428866731982059
"E2a","6_adjusted",6,2,"weight_linear_create",0.827371051670807,0.402763198203745
"E2a","6_adjusted",6,3,"weight_window_create",0.823593879473906,0.402132394473617
"E2a","6_adjusted",6,3,"weight_linear_create",0.949918017137803,0.376093503580372
"E2a","6_adjusted",6,4,"weight_window_create",0.972157027292549,0.350519304288853
"E2a","6_adjusted",6,4,"weight_linear_create",1.0332935548153,0.356792062991758
"E2a","6_adjusted",6,5,"weight_window_create",1.1008222035413,0.356993890521582
"E2a","6_adjusted",6,5,"weight_linear_create",1.07742687791269,0.346394434090176
"E2a","6_adjusted",6,6,"weight_window_create",1.21222280418417,0.313434080769357
"E2a","6_adjusted",6,6,"weight_linear_create",1.10427804821429,0.33997622203473
"E2a","4_average",3,1,"weight_window_create",0.386666666666667,NA
"E2a","4_average",3,1,"weight_linear_create",0.308888888888888,NA
"E2a","4_average",3,2,"weight_window_create",0.27,NA
"E2a","4_average",3,2,"weight_linear_create",0.218518518518518,NA
"E2a","4_average",3,3,"weight_window_create",0.173333333333333,NA
"E2a","4_average",3,3,"weight_linear_create",0.200444444444445,NA
"E2a","4_average",6,1,"weight_window_create",1.42,NA
"E2a","4_average",6,1,"weight_linear_create",0.477777777777777,NA
"E2a","4_average",6,2,"weight_window_create",0.00666666666666682,NA
"E2a","4_average",6,2,"weight_linear_create",0.0413333333333332,NA
"E2a","4_average",6,3,"weight_window_create",0.4,NA
"E2a","4_average",6,3,"weight_linear_create",0.275555555555556,NA
"E2a","4_average",6,4,"weight_window_create",0.0449999999999999,NA
"E2a","4_average",6,4,"weight_linear_create",0.392323232323232,NA
"E2a","4_average",6,5,"weight_window_create",0.358666666666667,NA
"E2a","4_average",6,5,"weight_linear_create",0.446814814814815,NA
"E2a","4_average",6,6,"weight_window_create",0.596666666666667,NA
"E2a","4_average",6,6,"weight_linear_create",0.478362573099415,NA
"E2a","1",3,1,"weight_window_create",0.370809924354783,0.839179107577689
"E2a","1",3,1,"weight_linear_create",0.337199797899856,0.87317477687073
"E2a","1",3,2,"weight_window_create",0.325,0.88514953806902
"E2a","1",3,2,"weight_linear_create",0.26682094302708,0.91166531854502
"E2a","1",3,3,"weight_window_create",0.244191788620399,0.921118695835279
"E2a","1",3,3,"weight_linear_create",0.256500667820949,0.916381934734797
"E2a","1",6,1,"weight_window_create",0.834665601703261,0.15693481619998
"E2a","1",6,1,"weight_linear_create",0.666458300771074,0.411970721597456
"E2a","1",6,2,"weight_window_create",0.595993568197957,0.552239395816193
"E2a","1",6,2,"weight_linear_create",0.424489889946353,0.528730648124812
"E2a","1",6,3,"weight_window_create",0.541602560309064,0.525535883320447
"E2a","1",6,3,"weight_linear_create",0.425773494692975,0.531120210394224
"E2a","1",6,4,"weight_window_create",0.442883543759907,0.548835124097799
"E2a","1",6,4,"weight_linear_create",0.432229115121103,0.524857814081883
"E2a","1",6,5,"weight_window_create",0.435239397726508,0.522382360587059
"E2a","1",6,5,"weight_linear_create",0.43685322562703,0.520545181526913
"E2a","1",6,6,"weight_window_create",0.454529671443155,0.50480584390619
"E2a","1",6,6,"weight_linear_create",0.439982313549978,0.517679594978753
"E2a","2a",3,1,"weight_window_create",0.465474668125631,0.851906178830554
"E2a","2a",3,1,"weight_linear_create",0.320069436910875,0.922887454333268
"E2a","2a",3,2,"weight_window_create",0.268948570052591,0.943043145665468
"E2a","2a",3,2,"weight_linear_create",0.209545854219491,0.967445943253722
"E2a","2a",3,3,"weight_window_create",0.194555523827651,0.97318851156002
"E2a","2a",3,3,"weight_linear_create",0.199071920746321,0.971030564092612
"E2a","2a",6,1,"weight_window_create",0.772010362624751,0.563125558572555
"E2a","2a",6,1,"weight_linear_create",0.543309474595451,0.569530380917871
"E2a","2a",6,2,"weight_window_create",0.778567059839207,0.528814667563578
"E2a","2a",6,2,"weight_linear_create",0.443343358282644,0.65884099481857
"E2a","2a",6,3,"weight_window_create",0.456557164487038,0.676624720046878
"E2a","2a",6,3,"weight_linear_create",0.429872803701346,0.691469371943815
"E2a","2a",6,4,"weight_window_create",0.426712237149737,0.678741891963701
"E2a","2a",6,4,"weight_linear_create",0.462639715741052,0.696798813347533
"E2a","2a",6,5,"weight_window_create",0.474973683481517,0.697562276622837
"E2a","2a",6,5,"weight_linear_create",0.484556901660168,0.697704092130431
"E2a","2a",6,6,"weight_window_create",0.561446544403136,0.695865576536438
"E2a","2a",6,6,"weight_linear_create",0.498881687717641,0.697815819200852
"E2a","4",3,1,"weight_window_create",0.682153452921946,0.823123704333611
"E2a","4",3,1,"weight_linear_create",0.478655524475704,0.909187493860777
"E2a","4",3,2,"weight_window_create",0.431856457633784,0.919151918995263
"E2a","4",3,2,"weight_linear_create",0.36461829638351,0.925959239067393
"E2a","4",3,3,"weight_window_create",0.358804599664972,0.909235593302376
"E2a","4",3,3,"weight_linear_create",0.357427019227806,0.921678219722057
"E2a","4",6,1,"weight_window_create",1.75746028878796,0.466086190450861
"E2a","4",6,1,"weight_linear_create",0.954792977367151,0.548142340360395
"E2a","4",6,2,"weight_window_create",0.768331525666709,0.576643980573696
"E2a","4",6,2,"weight_linear_create",0.709459888459759,0.615807574949234
"E2a","4",6,3,"weight_window_create",0.764198926981712,0.668612904935079
"E2a","4",6,3,"weight_linear_create",0.76436111975347,0.594962594214519
"E2a","4",6,4,"weight_window_create",0.709665414121331,0.603574216263599
"E2a","4",6,4,"weight_linear_create",0.819263034191046,0.582894017727061
"E2a","4",6,5,"weight_window_create",0.821137422522361,0.559081883889991
"E2a","4",6,5,"weight_linear_create",0.850202590236259,0.576067332586556
"E2a","4",6,6,"weight_window_create",0.949337000617136,0.55327030577636
"E2a","4",6,6,"weight_linear_create",0.869465849145088,0.571759397874352
"E2a","6",3,1,"weight_window_create",0.58309518948453,0.772875837597117
"E2a","6",3,1,"weight_linear_create",0.404210642346591,0.883022389607756
"E2a","6",3,2,"weight_window_create",0.343303281162798,0.913720398344831
"E2a","6",3,2,"weight_linear_create",0.252954325229986,0.952434091015558
"E2a","6",3,3,"weight_window_create",0.201055416299289,0.969630927350773
"E2a","6",3,3,"weight_linear_create",0.22906296354898,0.960978581916926
"E2a","6",6,1,"weight_window_create",1.02469507659596,0.42798117731016
"E2a","6",6,1,"weight_linear_create",0.958255690436518,0.434264933333423
"E2a","6",6,2,"weight_window_create",0.951815308214982,0.428866731982059
"E2a","6",6,2,"weight_linear_create",0.854963101403742,0.418940007872582
"E2a","6",6,3,"weight_window_create",0.966420329860798,0.424924170017188
"E2a","6",6,3,"weight_linear_create",0.769467146159253,0.401848292754143
"E2a","6",6,4,"weight_window_create",0.785792745000384,0.380187240780931
"E2a","6",6,4,"weight_linear_create",0.79368187004618,0.385292796982402
"E2a","6",6,5,"weight_window_create",0.809726585247849,0.389737788230604
"E2a","6",6,5,"weight_linear_create",0.817434509275656,0.375833279589678
"E2a","6",6,6,"weight_window_create",0.917085041610086,0.344000595675311
"E2a","6",6,6,"weight_linear_create",0.834474354049472,0.369838096378172
"E2a","8",3,1,"weight_window_create",0.42190046219458,0.867976536742427
"E2a","8",3,1,"weight_linear_create",0.285060097627253,0.935206499413312
"E2a","8",3,2,"weight_window_create",0.246306042692149,0.950184782176453
"E2a","8",3,2,"weight_linear_create",0.245536282132848,0.948922862375963
"E2a","8",3,3,"weight_window_create",0.280871659105878,0.930073351854072
"E2a","8",3,3,"weight_linear_create",0.255737133559993,0.943749602088696
"E2a","8",6,1,"weight_window_create",0.677249338624016,0.771956274828608
"E2a","8",6,1,"weight_linear_create",0.456557164487038,0.712637030986591
"E2a","8",6,2,"weight_window_create",0.664329235645499,0.650691329922117
"E2a","8",6,2,"weight_linear_create",0.539203115718001,0.585481344641659
"E2a","8",6,3,"weight_window_create",0.509320535034086,0.587405394842657
"E2a","8",6,3,"weight_linear_create",0.759985678346978,0.38168159537075
"E2a","8",6,4,"weight_window_create",0.707842967519397,0.37964776349082
"E2a","8",6,4,"weight_linear_create",0.87625689166464,0.271496542334704
"E2a","8",6,5,"weight_window_create",0.921303424502482,0.250934409591333
"E2a","8",6,5,"weight_linear_create",0.932720080716178,0.219759057736132
"E2a","8",6,6,"weight_window_create",1.09301655302433,0.0841375852807406
"E2a","8",6,6,"weight_linear_create",0.965912081705415,0.190180012668201
"E2a","3_average",3,1,"weight_window_create",0.0153846153846153,NA
"E2a","3_average",3,1,"weight_linear_create",0.00256410256410255,NA
"E2a","3_average",3,2,"weight_window_create",0.0115384615384615,NA
"E2a","3_average",3,2,"weight_linear_create",0.0658119658119656,NA
"E2a","3_average",3,3,"weight_window_create",0.0999999999999996,NA
"E2a","3_average",3,3,"weight_linear_create",0.0794871794871792,NA
"E2a","3_average",6,1,"weight_window_create",1.60769230769231,NA
"E2a","3_average",6,1,"weight_linear_create",0.771794871794872,NA
"E2a","3_average",6,2,"weight_window_create",0.353846153846153,NA
"E2a","3_average",6,2,"weight_linear_create",0.186153846153846,NA
"E2a","3_average",6,3,"weight_window_create",0.0589743589743588,NA
"E2a","3_average",6,3,"weight_linear_create",0.096336996336996,NA
"E2a","3_average",6,4,"weight_window_create",0.157692307692308,NA
"E2a","3_average",6,4,"weight_linear_create",0.212820512820513,NA
"E2a","3_average",6,5,"weight_window_create",0.276923076923077,NA
"E2a","3_average",6,5,"weight_linear_create",0.267179487179487,NA
"E2a","3_average",6,6,"weight_window_create",0.416666666666667,NA
"E2a","3_average",6,6,"weight_linear_create",0.298650472334682,NA
"E2a","6_average",3,1,"weight_window_create",0.219047619047619,NA
"E2a","6_average",3,1,"weight_linear_create",0.152380952380952,NA
"E2a","6_average",3,2,"weight_window_create",0.119047619047619,NA
"E2a","6_average",3,2,"weight_linear_create",0.0994708994708997,NA
"E2a","6_average",3,3,"weight_window_create",0.0730158730158728,NA
"E2a","6_average",3,3,"weight_linear_create",0.0888888888888886,NA
"E2a","6_average",6,1,"weight_window_create",0.271428571428571,NA
"E2a","6_average",6,1,"weight_linear_create",0.373015873015873,NA
"E2a","6_average",6,2,"weight_window_create",0.423809523809524,NA
"E2a","6_average",6,2,"weight_linear_create",0.323809523809524,NA
"E2a","6_average",6,3,"weight_window_create",0.587301587301587,NA
"E2a","6_average",6,3,"weight_linear_create",0.0428571428571427,NA
"E2a","6_average",6,4,"weight_window_create",0.0892857142857144,NA
"E2a","6_average",6,4,"weight_linear_create",0.202453102453102,NA
"E2a","6_average",6,5,"weight_window_create",0.249523809523809,NA
"E2a","6_average",6,5,"weight_linear_create",0.276931216931217,NA
"E2a","6_average",6,6,"weight_window_create",0.481746031746031,NA
"E2a","6_average",6,6,"weight_linear_create",0.320050125313283,NA
"E2a","2a_average",3,1,"weight_window_create",0.18,NA
"E2a","2a_average",3,1,"weight_linear_create",0.113333333333333,NA
"E2a","2a_average",3,2,"weight_window_create",0.0799999999999992,NA
"E2a","2a_average",3,2,"weight_linear_create",0.0570370370370368,NA
"E2a","2a_average",3,3,"weight_window_create",0.0288888888888881,NA
"E2a","2a_average",3,3,"weight_linear_create",0.0457777777777775,NA
"E2a","2a_average",6,1,"weight_window_create",0.533333333333334,NA
"E2a","2a_average",6,1,"weight_linear_create",0.202222222222222,NA
"E2a","2a_average",6,2,"weight_window_create",0.57,NA
"E2a","2a_average",6,2,"weight_linear_create",0.112666666666667,NA
"E2a","2a_average",6,3,"weight_window_create",0.208888888888888,NA
"E2a","2a_average",6,3,"weight_linear_create",0.0923809523809531,NA
"E2a","2a_average",6,4,"weight_window_create",0.0266666666666668,NA
"E2a","2a_average",6,4,"weight_linear_create",0.181616161616162,NA
"E2a","2a_average",6,5,"weight_window_create",0.208000000000001,NA
"E2a","2a_average",6,5,"weight_linear_create",0.223259259259259,NA
"E2a","2a_average",6,6,"weight_window_create",0.337777777777778,NA
"E2a","2a_average",6,6,"weight_linear_create",0.247368421052632,NA
"E2a","1_average",3,1,"weight_window_create",0.191666666666667,NA
"E2a","1_average",3,1,"weight_linear_create",0.188888888888889,NA
"E2a","1_average",3,2,"weight_window_create",0.1875,NA
"E2a","1_average",3,2,"weight_linear_create",0.12962962962963,NA
"E2a","1_average",3,3,"weight_window_create",0.100000000000001,NA
"E2a","1_average",3,3,"weight_linear_create",0.117777777777778,NA
"E2a","1_average",6,1,"weight_window_create",0.55,NA
"E2a","1_average",6,1,"weight_linear_create",0.469444444444445,NA
"E2a","1_average",6,2,"weight_window_create",0.429166666666667,NA
"E2a","1_average",6,2,"weight_linear_create",0.0124999999999997,NA
"E2a","1_average",6,3,"weight_window_create",0.333333333333333,NA
"E2a","1_average",6,3,"weight_linear_create",0.0234126984126983,NA
"E2a","1_average",6,4,"weight_window_create",0.133333333333333,NA
"E2a","1_average",6,4,"weight_linear_create",0.055808080808081,NA
"E2a","1_average",6,5,"weight_window_create",0.0116666666666667,NA
"E2a","1_average",6,5,"weight_linear_create",0.0709259259259261,NA
"E2a","1_average",6,6,"weight_window_create",0.1125,NA
"E2a","1_average",6,6,"weight_linear_create",0.0796783625730995,NA
"E2a","3",3,1,"weight_window_create",0.321055950072449,0.938165852341184
"E2a","3",3,1,"weight_linear_create",0.269377249529545,0.949387972617815
"E2a","3",3,2,"weight_window_create",0.299036915652695,0.934867851656844
"E2a","3",3,2,"weight_linear_create",0.215386311212968,0.963201429783875
"E2a","3",3,3,"weight_window_create",0.22322423665243,0.964671143823875
"E2a","3",3,3,"weight_linear_create",0.215509731669928,0.964357903955476
"E2a","3",6,1,"weight_window_create",1.74774580091482,0.127942856414526
"E2a","3",6,1,"weight_linear_create",0.902749835202015,0.463038529679565
"E2a","3",6,2,"weight_window_create",0.53923022056375,0.601141734285819
"E2a","3",6,2,"weight_linear_create",0.402950655501676,0.706175344172723
"E2a","3",6,3,"weight_window_create",0.348746228114272,0.757108922425337
"E2a","3",6,3,"weight_linear_create",0.416699632395546,0.667905545032141
"E2a","3",6,4,"weight_window_create",0.44505833671208,0.683231932912603
"E2a","3",6,4,"weight_linear_create",0.479883524047068,0.642310634424879
"E2a","3",6,5,"weight_window_create",0.542756497321419,0.647727816501692
"E2a","3",6,5,"weight_linear_create",0.516975277742342,0.629846398097028
"E2a","3",6,6,"weight_window_create",0.63523668110842,0.594727256328791
"E2a","3",6,6,"weight_linear_create",0.540125397686269,0.622529623577402
"E2a","6_adjusted_average",3,1,"weight_window_create",0.219047619047619,NA
"E2a","6_adjusted_average",3,1,"weight_linear_create",0.152380952380952,NA
"E2a","6_adjusted_average",3,2,"weight_window_create",0.119047619047619,NA
"E2a","6_adjusted_average",3,2,"weight_linear_create",0.0994708994708997,NA
"E2a","6_adjusted_average",3,3,"weight_window_create",0.0730158730158728,NA
"E2a","6_adjusted_average",3,3,"weight_linear_create",0.0888888888888886,NA
"E2a","6_adjusted_average",6,1,"weight_window_create",0.271428571428571,NA
"E2a","6_adjusted_average",6,1,"weight_linear_create",0.373015873015873,NA
"E2a","6_adjusted_average",6,2,"weight_window_create",0.423809523809524,NA
"E2a","6_adjusted_average",6,2,"weight_linear_create",0.16952380952381,NA
"E2a","6_adjusted_average",6,3,"weight_window_create",0.234920634920635,NA
"E2a","6_adjusted_average",6,3,"weight_linear_create",0.512698412698413,NA
"E2a","6_adjusted_average",6,4,"weight_window_create",0.527380952380952,NA
"E2a","6_adjusted_average",6,4,"weight_linear_create",0.650937950937951,NA
"E2a","6_adjusted_average",6,5,"weight_window_create",0.742857142857143,NA
"E2a","6_adjusted_average",6,5,"weight_linear_create",0.715449735449736,NA
"E2a","6_adjusted_average",6,6,"weight_window_create",0.892857142857143,NA
"E2a","6_adjusted_average",6,6,"weight_linear_create",0.752798663324979,NA
"E2a","8_average",3,1,"weight_window_create",0.126666666666666,NA
"E2a","8_average",3,1,"weight_linear_create",0.086666666666666,NA
"E2a","8_average",3,2,"weight_window_create",0.0666666666666655,NA
"E2a","8_average",3,2,"weight_linear_create",0.0629629629629624,NA
"E2a","8_average",3,3,"weight_window_create",0.0511111111111102,NA
"E2a","8_average",3,3,"weight_linear_create",0.0582222222222217,NA
"E2a","8_average",6,1,"weight_window_create",0.546666666666667,NA
"E2a","8_average",6,1,"weight_linear_create",0.115555555555555,NA
"E2a","8_average",6,2,"weight_window_create",0.446666666666666,NA
"E2a","8_average",6,2,"weight_linear_create",0.176666666666667,NA
"E2a","8_average",6,3,"weight_window_create",0.0266666666666668,NA
"E2a","8_average",6,3,"weight_linear_create",0.469206349206349,NA
"E2a","8_average",6,4,"weight_window_create",0.375,NA
"E2a","8_average",6,4,"weight_linear_create",0.594747474747475,NA
"E2a","8_average",6,5,"weight_window_create",0.64,NA
"E2a","8_average",6,5,"weight_linear_create",0.653333333333333,NA
"E2a","8_average",6,6,"weight_window_create",0.814444444444444,NA
"E2a","8_average",6,6,"weight_linear_create",0.687251461988304,NA
"E2a","5a",3,1,"weight_window_create",0.479583152331272,0.863582225724571
"E2a","5a",3,1,"weight_linear_create",0.416666666666667,0.866058972673426
"E2a","5a",3,2,"weight_window_create",0.429146439652791,0.850818328306617
"E2a","5a",3,2,"weight_linear_create",0.37871615482565,0.884261367753117
"E2a","5a",3,3,"weight_window_create",0.383695481107378,0.881528878858759
"E2a","5a",3,3,"weight_linear_create",0.378725934328946,0.884183050999352
"E2a","5a",6,1,"weight_window_create",0.955902714715258,0.556026030032248
"E2a","5a",6,1,"weight_linear_create",0.958514475634041,0.636596942083138
"E2a","5a",6,2,"weight_window_create",0.976707905841523,0.669089439606856
"E2a","5a",6,2,"weight_linear_create",0.725741000633146,0.543085541213922
"E2a","5a",6,3,"weight_window_create",0.771752455034548,0.467708100321648
"E2a","5a",6,3,"weight_linear_create",0.883782989988946,0.465162552115282
"E2a","5a",6,4,"weight_window_create",0.908925647857587,0.423415833591811
"E2a","5a",6,4,"weight_linear_create",1.00537790971998,0.42801285501331
"E2a","5a",6,5,"weight_window_create",1.11975443736562,0.360165865670564
"E2a","5a",6,5,"weight_linear_create",1.06989394113038,0.408580993147017
"E2a","5a",6,6,"weight_window_create",1.26508490419213,0.351176701095786
"E2a","5a",6,6,"weight_linear_create",1.10903115955109,0.396881125404643
"E2b","5a0",6,1,"weight_window_create",1.35747091045343,0.413406201441284
"E2b","5a0",6,1,"weight_linear_create",1.36215070585253,0.465528199198121
"E2b","5a0",6,2,"weight_window_create",1.3698042328609,0.481229424516967
"E2b","5a0",6,2,"weight_linear_create",0.690875597274278,0.572514009712816
"E2b","5a0",6,3,"weight_window_create",0.66953926567665,0.546111632437477
"E2b","5a0",6,3,"weight_linear_create",0.565315424857247,0.594216691701951
"E2b","5a0",6,4,"weight_window_create",0.58751208885048,0.579645489272408
"E2b","5a0",6,4,"weight_linear_create",0.623871215420434,0.589053719671909
"E2b","5a0",6,5,"weight_window_create",0.709699039926593,0.566738291908664
"E2b","5a0",6,5,"weight_linear_create",0.669074775338593,0.584458770684438
"E2b","5a0",6,6,"weight_window_create",0.832787700158542,0.567374509280275
"E2b","5a0",6,6,"weight_linear_create",0.699318139522133,0.581324528357678
"E2b","5a0",3,1,"weight_window_create",0.829019135649309,0.872316693153562
"E2b","5a0",3,1,"weight_linear_create",0.721460359621407,0.893023456483828
"E2b","5a0",3,2,"weight_window_create",0.672681202353685,0.899279405435966
"E2b","5a0",3,2,"weight_linear_create",0.672241004829842,0.90139546548524
"E2b","5a0",3,3,"weight_window_create",0.651726533714467,0.90263786734064
"E2b","5a0",3,3,"weight_linear_create",0.663681194002608,0.902097148872716
"E2b","5a4",6,1,"weight_window_create",1.2277103596829,0.546573529992253
"E2b","5a4",6,1,"weight_linear_create",1.24709764062503,0.60526815600909
"E2b","5a4",6,2,"weight_window_create",1.26984250992003,0.632540285446785
"E2b","5a4",6,2,"weight_linear_create",0.69013173972932,0.700294905508173
"E2b","5a4",6,3,"weight_window_create",0.675845897204146,0.674599314887615
"E2b","5a4",6,3,"weight_linear_create",0.483542807485324,0.791311643381496
"E2b","5a4",6,4,"weight_window_create",0.526351075372184,0.741927649027452
"E2b","5a4",6,4,"weight_linear_create",0.48440320462035,0.818726038262272
"E2b","5a4",6,5,"weight_window_create",0.53387094116292,0.822701042168326
"E2b","5a4",6,5,"weight_linear_create",0.504887448425887,0.829153315068275
"E2b","5a4",6,6,"weight_window_create",0.613073067308119,0.850753185452374
"E2b","5a4",6,6,"weight_linear_create",0.521943293890237,0.83453685853849
"E2b","5a4",3,1,"weight_window_create",0.552679423766206,0.677816542604513
"E2b","5a4",3,1,"weight_linear_create",0.606030302272689,0.596665983173803
"E2b","5a4",3,2,"weight_window_create",0.651222626365906,0.533282249024998
"E2b","5a4",3,2,"weight_linear_create",0.681386320394423,0.493132805974731
"E2b","5a4",3,3,"weight_window_create",0.730158416462697,0.433195958194153
"E2b","5a4",3,3,"weight_linear_create",0.700141399860042,0.46943809251037
"E2b","5a4_average",6,1,"weight_window_create",1,NA
"E2b","5a4_average",6,1,"weight_linear_create",1.08181818181818,NA
"E2b","5a4_average",6,2,"weight_window_create",1.12272727272727,NA
"E2b","5a4_average",6,2,"weight_linear_create",0.419090909090909,NA
"E2b","5a4_average",6,3,"weight_window_create",0.36969696969697,NA
"E2b","5a4_average",6,3,"weight_linear_create",0.00822510822510836,NA
"E2b","5a4_average",6,4,"weight_window_create",0.040909090909091,NA
"E2b","5a4_average",6,4,"weight_linear_create",0.156749311294766,NA
"E2b","5a4_average",6,5,"weight_window_create",0.269090909090909,NA
"E2b","5a4_average",6,5,"weight_linear_create",0.233737373737374,NA
"E2b","5a4_average",6,6,"weight_window_create",0.445454545454545,NA
"E2b","5a4_average",6,6,"weight_linear_create",0.278309409888357,NA
"E2b","5a4_average",3,1,"weight_window_create",0.0727272727272723,NA
"E2b","5a4_average",3,1,"weight_linear_create",0.103030303030303,NA
"E2b","5a4_average",3,2,"weight_window_create",0.118181818181818,NA
"E2b","5a4_average",3,2,"weight_linear_create",0.0909090909090904,NA
"E2b","5a4_average",3,3,"weight_window_create",0.0848484848484845,NA
"E2b","5a4_average",3,3,"weight_linear_create",0.0884848484848484,NA
"E2b","5a",6,1,"weight_window_create",1.23582876130665,0.159101817850786
"E2b","5a",6,1,"weight_linear_create",1.22003477347363,0.187837566986775
"E2b","5a",6,2,"weight_window_create",1.21655250605964,0.201564847278151
"E2b","5a",6,2,"weight_linear_create",0.790563665425441,0.340364144824901
"E2b","5a",6,3,"weight_window_create",0.762968683578305,0.367762050520306
"E2b","5a",6,3,"weight_linear_create",0.760928757983861,0.436866498803356
"E2b","5a",6,4,"weight_window_create",0.777086633756904,0.420251208446562
"E2b","5a",6,4,"weight_linear_create",0.813954490956564,0.462969816272539
"E2b","5a",6,5,"weight_window_create",0.873550747862372,0.482299668583517
"E2b","5a",6,5,"weight_linear_create",0.849105424812896,0.473017110301037
"E2b","5a",6,6,"weight_window_create",0.972461730960051,0.494424784089351
"E2b","5a",6,6,"weight_linear_create",0.872062027273202,0.478253183741125
"E2b","5a",3,1,"weight_window_create",0.390803368367358,0.760420999290541
"E2b","5a",3,1,"weight_linear_create",0.387949804104926,0.742718432687457
"E2b","5a",3,2,"weight_window_create",0.401134754052913,0.724324458938647
"E2b","5a",3,2,"weight_linear_create",0.373144492884655,0.765677794407851
"E2b","5a",3,3,"weight_window_create",0.373490226773003,0.770400008911423
"E2b","5a",3,3,"weight_linear_create",0.372650891410026,0.768068837790193
"E2b","5a_average",6,1,"weight_window_create",0.854545454545454,NA
"E2b","5a_average",6,1,"weight_linear_create",0.872727272727273,NA
"E2b","5a_average",6,2,"weight_window_create",0.881818181818182,NA
"E2b","5a_average",6,2,"weight_linear_create",0.193636363636363,NA
"E2b","5a_average",6,3,"weight_window_create",0.112121212121212,NA
"E2b","5a_average",6,3,"weight_linear_create",0.221212121212121,NA
"E2b","5a_average",6,4,"weight_window_create",0.254545454545455,NA
"E2b","5a_average",6,4,"weight_linear_create",0.384848484848485,NA
"E2b","5a_average",6,5,"weight_window_create",0.510909090909091,NA
"E2b","5a_average",6,5,"weight_linear_create",0.461212121212121,NA
"E2b","5a_average",6,6,"weight_window_create",0.671212121212121,NA
"E2b","5a_average",6,6,"weight_linear_create",0.505422647527911,NA
"E2b","5a_average",3,1,"weight_window_create",0.181818181818182,NA
"E2b","5a_average",3,1,"weight_linear_create",0.121212121212121,NA
"E2b","5a_average",3,2,"weight_window_create",0.0909090909090908,NA
"E2b","5a_average",3,2,"weight_linear_create",0.0949494949494953,NA
"E2b","5a_average",3,3,"weight_window_create",0.0818181818181811,NA
"E2b","5a_average",3,3,"weight_linear_create",0.0896969696969698,NA
"E2b","5a0_average",6,1,"weight_window_create",1.17272727272727,NA
"E2b","5a0_average",6,1,"weight_linear_create",1.1969696969697,NA
"E2b","5a0_average",6,2,"weight_window_create",1.20909090909091,NA
"E2b","5a0_average",6,2,"weight_linear_create",0.394545454545455,NA
"E2b","5a0_average",6,3,"weight_window_create",0.327272727272727,NA
"E2b","5a0_average",6,3,"weight_linear_create",0.0670995670995671,NA
"E2b","5a0_average",6,4,"weight_window_create",0.156818181818182,NA
"E2b","5a0_average",6,4,"weight_linear_create",0.248760330578512,NA
"E2b","5a0_average",6,5,"weight_window_create",0.390909090909091,NA
"E2b","5a0_average",6,5,"weight_linear_create",0.333535353535353,NA
"E2b","5a0_average",6,6,"weight_window_create",0.566666666666667,NA
"E2b","5a0_average",6,6,"weight_linear_create",0.382615629984051,NA
"E2b","5a0_average",3,1,"weight_window_create",0.472727272727273,NA
"E2b","5a0_average",3,1,"weight_linear_create",0.378787878787878,NA
"E2b","5a0_average",3,2,"weight_window_create",0.331818181818182,NA
"E2b","5a0_average",3,2,"weight_linear_create",0.342424242424242,NA
"E2b","5a0_average",3,3,"weight_window_create",0.324242424242423,NA
"E2b","5a0_average",3,3,"weight_linear_create",0.335151515151515,NA
"E3","2b",3,1,"weight_window_create",0.31224989991992,0.919224618061094
"E3","2b",3,1,"weight_linear_create",0.264365067451978,0.93418259243593
"E3","2b",3,2,"weight_window_create",0.284824507372522,0.923228113729223
"E3","2b",3,2,"weight_linear_create",0.245074944445697,0.94785864916293
"E3","2b",3,3,"weight_window_create",0.255277626647277,0.946043922295561
"E3","2b",3,3,"weight_linear_create",0.247592855757637,0.947951578941053
"E3","2b",6,1,"weight_window_create",1.20457461371224,0.6083143964935
"E3","2b",6,1,"weight_linear_create",0.436463056855904,0.733247684175653
"E3","2b",6,2,"weight_window_create",0.835089815528845,0.750517411252973
"E3","2b",6,2,"weight_linear_create",0.426215907727527,0.723822206497852
"E3","2b",6,3,"weight_window_create",0.460736125974269,0.713304478040525
"E3","2b",6,3,"weight_linear_create",0.453699831843661,0.703723912796544
"E3","2b",6,4,"weight_window_create",0.455727440472921,0.693103321942064
"E3","2b",6,4,"weight_linear_create",0.487811966061967,0.693131484387679
"E3","2b",6,5,"weight_window_create",0.502195181179589,0.683898364867428
"E3","2b",6,5,"weight_linear_create",0.507389834786276,0.687943856041632
"E3","2b",6,6,"weight_window_create",0.570769461146773,0.673067079660197
"E3","2b",6,6,"weight_linear_create",0.519646339000089,0.684880383997597
"E3","2a",3,1,"weight_window_create",0.47368238303741,0.547085028413683
"E3","2a",3,1,"weight_linear_create",0.294981167007131,0.7346677963718
"E3","2a",3,2,"weight_window_create",0.226384628453435,0.817346981868536
"E3","2a",3,2,"weight_linear_create",0.188418532023462,0.87688523201726
"E3","2a",3,3,"weight_window_create",0.150231303144333,0.925622406582347
"E3","2a",3,3,"weight_linear_create",0.171180541469461,0.899808900814512
"E3","2a",6,1,"weight_window_create",1.13880419739304,0.621153403887241
"E3","2a",6,1,"weight_linear_create",0.53118055101611,0.669776294875291
"E3","2a",6,2,"weight_window_create",1.08900757573123,0.606562245048333
"E3","2a",6,2,"weight_linear_create",0.522589705218157,0.604149874980697
"E3","2a",6,3,"weight_window_create",0.57710965643936,0.659435781552163
"E3","2a",6,3,"weight_linear_create",0.488688663647239,0.53733645695685
"E3","2a",6,4,"weight_window_create",0.5355706652721,0.411095672792334
"E3","2a",6,4,"weight_linear_create",0.502032713804616,0.513974285234509
"E3","2a",6,5,"weight_window_create",0.533104117410474,0.436154097336425
"E3","2a",6,5,"weight_linear_create",0.514324740092877,0.502154435655209
"E3","2a",6,6,"weight_window_create",0.565363083926309,0.466879517850547
"E3","2a",6,6,"weight_linear_create",0.523069851805331,0.495056333156759
"E3","2a_average",3,1,"weight_window_create",0.19375,NA
"E3","2a_average",3,1,"weight_linear_create",0.13125,NA
"E3","2a_average",3,2,"weight_window_create",0.0999999999999996,NA
"E3","2a_average",3,2,"weight_linear_create",0.106249999999999,NA
"E3","2a_average",3,3,"weight_window_create",0.0937499999999991,NA
"E3","2a_average",3,3,"weight_linear_create",0.101249999999999,NA
"E3","2a_average",6,1,"weight_window_create",1.04375,NA
"E3","2a_average",6,1,"weight_linear_create",0.310416666666667,NA
"E3","2a_average",6,2,"weight_window_create",0.9875,NA
"E3","2a_average",6,2,"weight_linear_create",0.24,NA
"E3","2a_average",6,3,"weight_window_create",0.370833333333333,NA
"E3","2a_average",6,3,"weight_linear_create",0.0169642857142853,NA
"E3","2a_average",6,4,"weight_window_create",0.0890624999999998,NA
"E3","2a_average",6,4,"weight_linear_create",0.0774621212121209,NA
"E3","2a_average",6,5,"weight_window_create",0.1175,NA
"E3","2a_average",6,5,"weight_linear_create",0.121527777777778,NA
"E3","2a_average",6,6,"weight_window_create",0.242708333333333,NA
"E3","2a_average",6,6,"weight_linear_create",0.147039473684211,NA
"E3","2b_average",3,1,"weight_window_create",0.0549999999999997,NA
"E3","2b_average",3,1,"weight_linear_create",0.0133333333333328,NA
"E3","2b_average",3,2,"weight_window_create",0.00750000000000028,NA
"E3","2b_average",3,2,"weight_linear_create",0.0322222222222219,NA
"E3","2b_average",3,3,"weight_window_create",0.0416666666666661,NA
"E3","2b_average",3,3,"weight_linear_create",0.0360000000000005,NA
"E3","2b_average",6,1,"weight_window_create",1.06,NA
"E3","2b_average",6,1,"weight_linear_create",0.131666666666667,NA
"E3","2b_average",6,2,"weight_window_create",0.7275,NA
"E3","2b_average",6,2,"weight_linear_create",0.056,NA
"E3","2b_average",6,3,"weight_window_create",0.168333333333333,NA
"E3","2b_average",6,3,"weight_linear_create",0.118571428571428,NA
"E3","2b_average",6,4,"weight_window_create",0.085,NA
"E3","2b_average",6,4,"weight_linear_create",0.196060606060605,NA
"E3","2b_average",6,5,"weight_window_create",0.212,NA
"E3","2b_average",6,5,"weight_linear_create",0.232222222222222,NA
"E3","2b_average",6,6,"weight_window_create",0.331666666666666,NA
"E3","2b_average",6,6,"weight_linear_create",0.253157894736842,NA
"E6a","6",8,1,"weight_window_create",0.510555253294554,0.823270259119345
"E6a","6",8,1,"weight_linear_create",0.363666513901587,0.878441104564631
"E6a","6",8,2,"weight_window_create",0.384924234969256,0.868982516731056
"E6a","6",8,2,"weight_linear_create",0.308714448533239,0.900753171628554
"E6a","6",8,3,"weight_window_create",0.40588266868732,0.841462633448164
"E6a","6",8,3,"weight_linear_create",0.292625408380116,0.904335887597856
"E6a","6",8,4,"weight_window_create",0.330151480384383,0.892552223187262
"E6a","6",8,4,"weight_linear_create",0.286370791898676,0.905465346011384
"E6a","6",8,5,"weight_window_create",0.272519112479596,0.9224427350801
"E6a","6",8,5,"weight_linear_create",0.283145792765871,0.905943211761846
"E6a","6",8,6,"weight_window_create",0.273827466630872,0.906459496706481
"E6a","6",8,6,"weight_linear_create",0.281205235571917,0.906181387018097
"E6a","6",14,1,"weight_window_create",1.42711830857384,-0.131289467017063
"E6a","6",14,1,"weight_linear_create",1.42157189992862,-0.0274996737170202
"E6a","6",14,2,"weight_window_create",1.40824950440846,-0.0544314231061383
"E6a","6",14,2,"weight_linear_create",1.4107507529946,0.0122892159669602
"E6a","6",14,3,"weight_window_create",1.42727401402503,-0.0483565584838845
"E6a","6",14,3,"weight_linear_create",1.17434269330416,0.0349331921948258
"E6a","6",14,4,"weight_window_create",1.43034086846458,0.0325914062020868
"E6a","6",14,4,"weight_linear_create",0.922212096816753,0.076891482267899
"E6a","6",14,5,"weight_window_create",1.41237388817551,0.0490936369615275
"E6a","6",14,5,"weight_linear_create",0.747764511186661,0.115786956852995
"E6a","6",14,6,"weight_window_create",1.41233979753588,0.0492869029406716
"E6a","6",14,6,"weight_linear_create",0.686295751305255,0.137429185743957
"E6a","6",14,7,"weight_window_create",1.02996598583293,0.0632182612334716
"E6a","6",14,7,"weight_linear_create",0.672626016414399,0.150705708978125
"E6a","6",14,8,"weight_window_create",0.793338147744495,0.0780716299764571
"E6a","6",14,8,"weight_linear_create",0.674919034924711,0.159560844292002
"E6a","6",14,9,"weight_window_create",0.687848677013437,0.139520463733214
"E6a","6",14,9,"weight_linear_create",0.682420853149261,0.165844647304655
"E6a","6",14,10,"weight_window_create",0.681860200725437,0.181002865924251
"E6a","6",14,10,"weight_linear_create",0.691270789112744,0.170517088934201
"E6a","6",14,11,"weight_window_create",0.733327072349932,0.210786631320512
"E6a","6",14,11,"weight_linear_create",0.700043816577872,0.174119159380221
"E6a","6",14,12,"weight_window_create",0.824949493403485,0.201259601705399
"E6a","6",14,12,"weight_linear_create",0.708233582148593,0.176976619352673
"E6a","8",8,1,"weight_window_create",0.259807621135332,0.91963816855967
"E6a","8",8,1,"weight_linear_create",0.198210746429148,0.941598665242397
"E6a","8",8,2,"weight_window_create",0.254950975679639,0.903513387469406
"E6a","8",8,2,"weight_linear_create",0.199176308365375,0.940599521394269
"E6a","8",8,3,"weight_window_create",0.212622513702885,0.933053498202972
"E6a","8",8,3,"weight_linear_create",0.202871941858376,0.937551348788876
"E6a","8",8,4,"weight_window_create",0.176001598004109,0.953010645236472
"E6a","8",8,4,"weight_linear_create",0.205924593654097,0.935223862336683
"E6a","8",8,5,"weight_window_create",0.227321358433386,0.924219680712176
"E6a","8",8,5,"weight_linear_create",0.208059376661284,0.933614012883484
"E6a","8",8,6,"weight_window_create",0.218303114957162,0.92588664142693
"E6a","8",8,6,"weight_linear_create",0.209591976161612,0.932461021152825
"E6a","8",14,1,"weight_window_create",1.76050418914583,0.124249722347748
"E6a","8",14,1,"weight_linear_create",0.772504045296851,0.289103079830305
"E6a","8",14,2,"weight_window_create",1.7265844172817,0.210601708098251
"E6a","8",14,2,"weight_linear_create",0.661266393090096,0.351430962936081
"E6a","8",14,3,"weight_window_create",0.667759520918854,0.323512804338304
"E6a","8",14,3,"weight_linear_create",0.542253065778036,0.34692352722323
"E6a","8",14,4,"weight_window_create",0.480925215080266,0.356142441716624
"E6a","8",14,4,"weight_linear_create",0.464818901907235,0.325150531283365
"E6a","8",14,5,"weight_window_create",0.506285492582989,0.416347640896821
"E6a","8",14,5,"weight_linear_create",0.468066151404617,0.314216803639156
"E6a","8",14,6,"weight_window_create",0.639566367853164,0.404249133648142
"E6a","8",14,6,"weight_linear_create",0.507271827370219,0.302464300341725
"E6a","8",14,7,"weight_window_create",0.483859378289998,0.328634860673053
"E6a","8",14,7,"weight_linear_create",0.543374031626843,0.293353336671529
"E6a","8",14,8,"weight_window_create",0.462193733054657,0.295464170127279
"E6a","8",14,8,"weight_linear_create",0.572080850929307,0.286451793219634
"E6a","8",14,9,"weight_window_create",0.521985762068726,0.267033306634816
"E6a","8",14,9,"weight_linear_create",0.594652613223493,0.281138572802953
"E6a","8",14,10,"weight_window_create",0.616340003569458,0.229220252642762
"E6a","8",14,10,"weight_linear_create",0.612635969053819,0.276955170427525
"E6a","8",14,11,"weight_window_create",0.687243565999904,0.260788968509433
"E6a","8",14,11,"weight_linear_create",0.6272163648006,0.273589573718143
"E6a","8",14,12,"weight_window_create",0.760333899605225,0.243711771972791
"E6a","8",14,12,"weight_linear_create",0.639239905139139,0.270829726325758
"E6a","3",8,1,"weight_window_create",0.353553390593274,0.790754916898956
"E6a","3",8,1,"weight_linear_create",0.23266123441605,0.893830556333285
"E6a","3",8,2,"weight_window_create",0.289395922569756,0.855952376412269
"E6a","3",8,2,"weight_linear_create",0.21151984837954,0.874579380673724
"E6a","3",8,3,"weight_window_create",0.239646730742473,0.90956540553188
"E6a","3",8,3,"weight_linear_create",0.218719088069073,0.851658055563664
"E6a","3",8,4,"weight_window_create",0.214148021237648,0.884570547648434
"E6a","3",8,4,"weight_linear_create",0.22473097771709,0.837656015231994
"E6a","3",8,5,"weight_window_create",0.212955394390469,0.845261759532988
"E6a","3",8,5,"weight_linear_create",0.228915857883997,0.828569348887222
"E6a","3",8,6,"weight_window_create",0.248677055189613,0.788204157381503
"E6a","3",8,6,"weight_linear_create",0.231906984826732,0.822257118364175
"E6a","3",14,1,"weight_window_create",2.48809666210941,0.100752285198997
"E6a","3",14,1,"weight_linear_create",1.46670336128339,0.228220450164236
"E6a","3",14,2,"weight_window_create",2.46782419349515,0.113342389206455
"E6a","3",14,2,"weight_linear_create",0.896371654425296,0.356272043913941
"E6a","3",14,3,"weight_window_create",1.38864442292955,0.214245804667497
"E6a","3",14,3,"weight_linear_create",0.634560367158162,0.437514758421926
"E6a","3",14,4,"weight_window_create",0.866949573216343,0.340310359304515
"E6a","3",14,4,"weight_linear_create",0.545131343639477,0.493785924743861
"E6a","3",14,5,"weight_window_create",0.611248721880054,0.436325462202593
"E6a","3",14,5,"weight_linear_create",0.548080390602316,0.531285266377619
"E6a","3",14,6,"weight_window_create",0.560118415059609,0.461271616118559
"E6a","3",14,6,"weight_linear_create",0.579394605515467,0.547869802737163
"E6a","3",14,7,"weight_window_create",0.580024630018908,0.470548245962629
"E6a","3",14,7,"weight_linear_create",0.608155376542986,0.556161664614858
"E6a","3",14,8,"weight_window_create",0.606644523691593,0.533170228579966
"E6a","3",14,8,"weight_linear_create",0.631229246083474,0.560896708407017
"E6a","3",14,9,"weight_window_create",0.644354639336575,0.560254363138472
"E6a","3",14,9,"weight_linear_create",0.649517988119857,0.563863219870331
"E6a","3",14,10,"weight_window_create",0.705270338239175,0.551944192045072
"E6a","3",14,10,"weight_linear_create",0.664181224082426,0.56585186117651
"E6a","3",14,11,"weight_window_create",0.74090211932024,0.58816112155211
"E6a","3",14,11,"weight_linear_create",0.676128461277035,0.567255211500972
"E6a","3",14,12,"weight_window_create",0.787359445128674,0.573785646279153
"E6a","3",14,12,"weight_linear_create",0.686019096784786,0.568286140646408
"E6a","4",8,1,"weight_window_create",0.427617987059879,0.846521670197842
"E6a","4",8,1,"weight_linear_create",0.261629509039023,0.931453631417818
"E6a","4",8,2,"weight_window_create",0.234520787991172,0.944883354987027
"E6a","4",8,2,"weight_linear_create",0.231968799215592,0.946677806012913
"E6a","4",8,3,"weight_window_create",0.302896074167414,0.911442253943302
"E6a","4",8,3,"weight_linear_create",0.223624396962768,0.951036023935035
"E6a","4",8,4,"weight_window_create",0.243578236184716,0.935293219143289
"E6a","4",8,4,"weight_linear_create",0.220697946918974,0.952503610001627
"E6a","4",8,5,"weight_window_create",0.23089886468817,0.944672019153712
"E6a","4",8,5,"weight_linear_create",0.219300250617401,0.953188514056318
"E6a","4",8,6,"weight_window_create",0.216070608682689,0.954687180125067
"E6a","4",8,6,"weight_linear_create",0.218508516389246,0.953570235911676
"E6a","4",14,1,"weight_window_create",1.8589551596836,0.108832222487566
"E6a","4",14,1,"weight_linear_create",1.1027206614292,0.254657008929725
"E6a","4",14,2,"weight_window_create",1.84468348039905,0.0852876727488984
"E6a","4",14,2,"weight_linear_create",0.911794188781204,0.411414297361496
"E6a","4",14,3,"weight_window_create",1.06595958707159,0.253457662428664
"E6a","4",14,3,"weight_linear_create",0.914483330577852,0.433138619988518
"E6a","4",14,4,"weight_window_create",0.915296595177136,0.430208866607726
"E6a","4",14,4,"weight_linear_create",0.918371331862946,0.392901191234354
"E6a","4",14,5,"weight_window_create",0.99258680800652,0.534460196793839
"E6a","4",14,5,"weight_linear_create",0.927875829511695,0.362515137760975
"E6a","4",14,6,"weight_window_create",1.10015330821995,0.541439078271627
"E6a","4",14,6,"weight_linear_create",0.941543389612495,0.344587737545806
"E6a","4",14,7,"weight_window_create",0.969641212837332,0.478024076940568
"E6a","4",14,7,"weight_linear_create",0.953151285208162,0.333599100159287
"E6a","4",14,8,"weight_window_create",0.917178563779782,0.428055687821322
"E6a","4",14,8,"weight_linear_create",0.962367286253431,0.326211269920131
"E6a","4",14,9,"weight_window_create",0.939013328843649,0.328373719668805
"E6a","4",14,9,"weight_linear_create",0.969689481135605,0.320914250524283
"E6a","4",14,10,"weight_window_create",0.962897413316407,0.303728010477848
"E6a","4",14,10,"weight_linear_create",0.975590835839723,0.316934374403081
"E6a","4",14,11,"weight_window_create",0.991034187266301,0.295486784539659
"E6a","4",14,11,"weight_linear_create",0.980425735409644,0.313836325436297
"E6a","4",14,12,"weight_window_create",1.02696772023891,0.289092874857697
"E6a","4",14,12,"weight_linear_create",0.984448960204503,0.311357023301803
"E6a","1",8,1,"weight_window_create",0.36657195746538,0.909840281648345
"E6a","1",8,1,"weight_linear_create",0.351541249357739,0.911048843389193
"E6a","1",8,2,"weight_window_create",0.357508741151877,0.913075478946354
"E6a","1",8,2,"weight_linear_create",0.359115583437385,0.907852641592187
"E6a","1",8,3,"weight_window_create",0.398608691436713,0.886651815959978
"E6a","1",8,3,"weight_linear_create",0.362064944278115,0.906317848831967
"E6a","1",8,4,"weight_window_create",0.381301226066741,0.894668776673195
"E6a","1",8,4,"weight_linear_create",0.364375416904659,0.905129289316125
"E6a","1",8,5,"weight_window_create",0.389133653132185,0.895231981626923
"E6a","1",8,5,"weight_linear_create",0.365979009753536,0.904305194502404
"E6a","1",8,6,"weight_window_create",0.373678226107258,0.900340676346935
"E6a","1",8,6,"weight_linear_create",0.367128404063706,0.903714413231718
"E6a","1",14,1,"weight_window_create",1.18848643240047,0.356205821946113
"E6a","1",14,1,"weight_linear_create",0.953205119583398,0.452200111485433
"E6a","1",14,2,"weight_window_create",1.01827059272082,0.405666234822759
"E6a","1",14,2,"weight_linear_create",0.660507260573146,0.409449540217645
"E6a","1",14,3,"weight_window_create",0.938046137221169,0.462894077484093
"E6a","1",14,3,"weight_linear_create",0.617039583189136,0.416665637945166
"E6a","1",14,4,"weight_window_create",0.910893277228458,0.45335214565006
"E6a","1",14,4,"weight_linear_create",0.616602762678006,0.429757111092684
"E6a","1",14,5,"weight_window_create",0.646065012208524,0.351286195088622
"E6a","1",14,5,"weight_linear_create",0.618244223949625,0.443678034430229
"E6a","1",14,6,"weight_window_create",0.799240090474835,0.323316191158453
"E6a","1",14,6,"weight_linear_create",0.61995793968779,0.450968387208558
"E6a","1",14,7,"weight_window_create",0.705680305717505,0.383786502296435
"E6a","1",14,7,"weight_linear_create",0.621533090401546,0.454968077902625
"E6a","1",14,8,"weight_window_create",0.662721071605544,0.439856462165361
"E6a","1",14,8,"weight_linear_create",0.622827067134655,0.457480863561214
"E6a","1",14,9,"weight_window_create",0.640547364311123,0.445893662525052
"E6a","1",14,9,"weight_linear_create",0.623875987559294,0.459201388588731
"E6a","1",14,10,"weight_window_create",0.63718129288296,0.440530524773406
"E6a","1",14,10,"weight_linear_create",0.624732878331565,0.46045154621472
"E6a","1",14,11,"weight_window_create",0.636014514622047,0.462066939147388
"E6a","1",14,11,"weight_linear_create",0.62544185338961,0.461400240212793
"E6a","1",14,12,"weight_window_create",0.63252758503747,0.46826225319841
"E6a","1",14,12,"weight_linear_create",0.626036255091937,0.462144393767679
"E6a","5a",8,1,"weight_window_create",0.5472151719794,0.806662194671062
"E6a","5a",8,1,"weight_linear_create",0.180431581369658,0.965759763445209
"E6a","5a",8,2,"weight_window_create",0.26718699236469,0.924234890282017
"E6a","5a",8,2,"weight_linear_create",0.128006794667227,0.981357541981683
"E6a","5a",8,3,"weight_window_create",0.189541356769244,0.962501938104908
"E6a","5a",8,3,"weight_linear_create",0.128404062652959,0.980942290662777
"E6a","5a",8,4,"weight_window_create",0.145892845000096,0.976145414742702
"E6a","5a",8,4,"weight_linear_create",0.132589488893946,0.979611329471122
"E6a","5a",8,5,"weight_window_create",0.155706276188355,0.972338034734711
"E6a","5a",8,5,"weight_linear_create",0.13607459576396,0.978502597218753
"E6a","5a",8,6,"weight_window_create",0.154959174233126,0.972113513961971
"E6a","5a",8,6,"weight_linear_create",0.13873358256499,0.977644926860732
"E6a","5a",14,1,"weight_window_create",1.84556525517553,0.457477506315364
"E6a","5a",14,1,"weight_linear_create",1.78456966490213,0.598720100974334
"E6a","5a",14,2,"weight_window_create",1.7637948356377,0.569018692011268
"E6a","5a",14,2,"weight_linear_create",1.29492098514648,0.608569290360253
"E6a","5a",14,3,"weight_window_create",1.75815559923208,0.637309596344905
"E6a","5a",14,3,"weight_linear_create",0.928752168153113,0.629261098803998
"E6a","5a",14,4,"weight_window_create",1.80752670181599,0.571947864075543
"E6a","5a",14,4,"weight_linear_create",0.796817821685111,0.63317544960848
"E6a","5a",14,5,"weight_window_create",1.1333431372125,0.580960350409858
"E6a","5a",14,5,"weight_linear_create",0.846270064538833,0.610907395723276
"E6a","5a",14,6,"weight_window_create",0.880787736652275,0.518151351489217
"E6a","5a",14,6,"weight_linear_create",0.932579942080187,0.593230541870279
"E6a","5a",14,7,"weight_window_create",0.831896720870452,0.564272794771209
"E6a","5a",14,7,"weight_linear_create",1.00205972613681,0.581269896834533
"E6a","5a",14,8,"weight_window_create",0.900592975951586,0.621153232865459
"E6a","5a",14,8,"weight_linear_create",1.05485874076246,0.572817959325123
"E6a","5a",14,9,"weight_window_create",1.02530399654071,0.613659527539411
"E6a","5a",14,9,"weight_linear_create",1.09547347393193,0.566574957059293
"E6a","5a",14,10,"weight_window_create",1.15812588070363,0.576654257829202
"E6a","5a",14,10,"weight_linear_create",1.12742433531108,0.561791021949938
"E6a","5a",14,11,"weight_window_create",1.2838564638039,0.537589739547408
"E6a","5a",14,11,"weight_linear_create",1.15311828377273,0.558014707297301
"E6a","5a",14,12,"weight_window_create",1.38250337663955,0.526434405192867
"E6a","5a",14,12,"weight_linear_create",1.17418660681177,0.55496101454613
"E6a","6_adjusted",8,1,"weight_window_create",0.510555253294554,0.823270259119345
"E6a","6_adjusted",8,1,"weight_linear_create",0.363666513901587,0.878441104564631
"E6a","6_adjusted",8,2,"weight_window_create",0.384924234969256,0.868982516731056
"E6a","6_adjusted",8,2,"weight_linear_create",0.308714448533239,0.900753171628554
"E6a","6_adjusted",8,3,"weight_window_create",0.40588266868732,0.841462633448164
"E6a","6_adjusted",8,3,"weight_linear_create",0.292625408380116,0.904335887597856
"E6a","6_adjusted",8,4,"weight_window_create",0.330151480384383,0.892552223187262
"E6a","6_adjusted",8,4,"weight_linear_create",0.286370791898676,0.905465346011384
"E6a","6_adjusted",8,5,"weight_window_create",0.272519112479596,0.9224427350801
"E6a","6_adjusted",8,5,"weight_linear_create",0.283145792765871,0.905943211761846
"E6a","6_adjusted",8,6,"weight_window_create",0.273827466630872,0.906459496706481
"E6a","6_adjusted",8,6,"weight_linear_create",0.281205235571917,0.906181387018097
"E6a","6_adjusted",14,1,"weight_window_create",1.42711830857384,-0.131289467017063
"E6a","6_adjusted",14,1,"weight_linear_create",1.42157189992862,-0.0274996737170202
"E6a","6_adjusted",14,2,"weight_window_create",1.40824950440846,-0.0544314231061383
"E6a","6_adjusted",14,2,"weight_linear_create",1.02028036992669,0.0385509607132098
"E6a","6_adjusted",14,3,"weight_window_create",1.42727401402503,-0.0483565584838845
"E6a","6_adjusted",14,3,"weight_linear_create",0.749486449691791,0.0807408841037126
"E6a","6_adjusted",14,4,"weight_window_create",1.43034086846458,0.0325914062020868
"E6a","6_adjusted",14,4,"weight_linear_create",0.686401403737158,0.12998897788521
"E6a","6_adjusted",14,5,"weight_window_create",0.88124154842283,0.0912911773040245
"E6a","6_adjusted",14,5,"weight_linear_create",0.757505291684257,0.166344259527893
"E6a","6_adjusted",14,6,"weight_window_create",0.68281823404237,0.139057592389653
"E6a","6_adjusted",14,6,"weight_linear_create",0.844510395753172,0.183482994020021
"E6a","6_adjusted",14,7,"weight_window_create",0.718899385540572,0.13829990003149
"E6a","6_adjusted",14,7,"weight_linear_create",0.910038013597781,0.193162677532343
"E6a","6_adjusted",14,8,"weight_window_create",0.831326750842692,0.140358704513345
"E6a","6_adjusted",14,8,"weight_linear_create",0.95858224013963,0.199285417491927
"E6a","6_adjusted",14,9,"weight_window_create",0.93024621724109,0.191264382580433
"E6a","6_adjusted",14,9,"weight_linear_create",0.995439163395833,0.203474657789153
"E6a","6_adjusted",14,10,"weight_window_create",1.04558436611622,0.219337658970009
"E6a","6_adjusted",14,10,"weight_linear_create",1.0242071348492,0.206508245918722
"E6a","6_adjusted",14,11,"weight_window_create",1.14734332011603,0.239725587976223
"E6a","6_adjusted",14,11,"weight_linear_create",1.04722154138488,0.208800481350253
"E6a","6_adjusted",14,12,"weight_window_create",1.24961105059846,0.224834702333739
"E6a","6_adjusted",14,12,"weight_linear_create",1.0660233627992,0.210590584940538
"E6a","1_average",8,1,"weight_window_create",0.09375,NA
"E6a","1_average",8,1,"weight_linear_create",0.0131249999999996,NA
"E6a","1_average",8,2,"weight_window_create",0.0437500000000002,NA
"E6a","1_average",8,2,"weight_linear_create",0.027678571428571,NA
"E6a","1_average",8,3,"weight_window_create",0.020833333333333,NA
"E6a","1_average",8,3,"weight_linear_create",0.0270833333333336,NA
"E6a","1_average",8,4,"weight_window_create",0.0187499999999998,NA
"E6a","1_average",8,4,"weight_linear_create",0.0268055555555557,NA
"E6a","1_average",8,5,"weight_window_create",0.0587499999999999,NA
"E6a","1_average",8,5,"weight_linear_create",0.0266447368421048,NA
"E6a","1_average",8,6,"weight_window_create",0.0260416666666661,NA
"E6a","1_average",8,6,"weight_linear_create",0.026539855072464,NA
"E6a","1_average",14,1,"weight_window_create",0.9375,NA
"E6a","1_average",14,1,"weight_linear_create",0.6975,NA
"E6a","1_average",14,2,"weight_window_create",0.73125,NA
"E6a","1_average",14,2,"weight_linear_create",0.195238095238095,NA
"E6a","1_average",14,3,"weight_window_create",0.672916666666667,NA
"E6a","1_average",14,3,"weight_linear_create",0.0135416666666659,NA
"E6a","1_average",14,4,"weight_window_create",0.6390625,NA
"E6a","1_average",14,4,"weight_linear_create",0.0662500000000001,NA
"E6a","1_average",14,5,"weight_window_create",0.0024999999999995,NA
"E6a","1_average",14,5,"weight_linear_create",0.07099358974359,NA
"E6a","1_average",14,6,"weight_window_create",0.48125,NA
"E6a","1_average",14,6,"weight_linear_create",0.0676470588235292,NA
"E6a","1_average",14,7,"weight_window_create",0.342857142857143,NA
"E6a","1_average",14,7,"weight_linear_create",0.0655753968253969,NA
"E6a","1_average",14,8,"weight_window_create",0.2734375,NA
"E6a","1_average",14,8,"weight_linear_create",0.0641666666666665,NA
"E6a","1_average",14,9,"weight_window_create",0.196527777777777,NA
"E6a","1_average",14,9,"weight_linear_create",0.0631465517241376,NA
"E6a","1_average",14,10,"weight_window_create",0.13875,NA
"E6a","1_average",14,10,"weight_linear_create",0.0623737373737372,NA
"E6a","1_average",14,11,"weight_window_create",0.110227272727272,NA
"E6a","1_average",14,11,"weight_linear_create",0.061768018018018,NA
"E6a","1_average",14,12,"weight_window_create",0.0567708333333332,NA
"E6a","1_average",14,12,"weight_linear_create",0.0612804878048774,NA
"E6a","3_average",8,1,"weight_window_create",0.125,NA
"E6a","3_average",8,1,"weight_linear_create",0.0856250000000003,NA
"E6a","3_average",8,2,"weight_window_create",0.0875000000000004,NA
"E6a","3_average",8,2,"weight_linear_create",0.0651785714285715,NA
"E6a","3_average",8,3,"weight_window_create",0.10625,NA
"E6a","3_average",8,3,"weight_linear_create",0.0566287878787888,NA
"E6a","3_average",8,4,"weight_window_create",0.0593750000000002,NA
"E6a","3_average",8,4,"weight_linear_create",0.0526388888888896,NA
"E6a","3_average",8,5,"weight_window_create",0.0525000000000002,NA
"E6a","3_average",8,5,"weight_linear_create",0.0503289473684214,NA
"E6a","3_average",8,6,"weight_window_create",0.041666666666667,NA
"E6a","3_average",8,6,"weight_linear_create",0.0488224637681167,NA
"E6a","3_average",14,1,"weight_window_create",2.30625,NA
"E6a","3_average",14,1,"weight_linear_create",1.280625,NA
"E6a","3_average",14,2,"weight_window_create",2.284375,NA
"E6a","3_average",14,2,"weight_linear_create",0.655654761904762,NA
"E6a","3_average",14,3,"weight_window_create",1.175,NA
"E6a","3_average",14,3,"weight_linear_create",0.282638888888889,NA
"E6a","3_average",14,4,"weight_window_create",0.6015625,NA
"E6a","3_average",14,4,"weight_linear_create",0.0356818181818181,NA
"E6a","3_average",14,5,"weight_window_create",0.21625,NA
"E6a","3_average",14,5,"weight_linear_create",0.143189102564103,NA
"E6a","3_average",14,6,"weight_window_create",0.0197916666666664,NA
"E6a","3_average",14,6,"weight_linear_create",0.25030637254902,NA
"E6a","3_average",14,7,"weight_window_create",0.173214285714286,NA
"E6a","3_average",14,7,"weight_linear_create",0.316617063492064,NA
"E6a","3_average",14,8,"weight_window_create",0.29765625,NA
"E6a","3_average",14,8,"weight_linear_create",0.361708333333334,NA
"E6a","3_average",14,9,"weight_window_create",0.384027777777778,NA
"E6a","3_average",14,9,"weight_linear_create",0.394360632183908,NA
"E6a","3_average",14,10,"weight_window_create",0.475625,NA
"E6a","3_average",14,10,"weight_linear_create",0.419097222222222,NA
"E6a","3_average",14,11,"weight_window_create",0.540909090909091,NA
"E6a","3_average",14,11,"weight_linear_create",0.43848536036036,NA
"E6a","3_average",14,12,"weight_window_create",0.5984375,NA
"E6a","3_average",14,12,"weight_linear_create",0.454090447154471,NA
"E6a","4_average",8,1,"weight_window_create",0.157142857142857,NA
"E6a","4_average",8,1,"weight_linear_create",0.117857142857142,NA
"E6a","4_average",8,2,"weight_window_create",0.107142857142857,NA
"E6a","4_average",8,2,"weight_linear_create",0.112925170068027,NA
"E6a","4_average",8,3,"weight_window_create",0.138095238095238,NA
"E6a","4_average",8,3,"weight_linear_create",0.11038961038961,NA
"E6a","4_average",8,4,"weight_window_create",0.0982142857142856,NA
"E6a","4_average",8,4,"weight_linear_create",0.10920634920635,NA
"E6a","4_average",8,5,"weight_window_create",0.111428571428571,NA
"E6a","4_average",8,5,"weight_linear_create",0.108521303258145,NA
"E6a","4_average",8,6,"weight_window_create",0.105952380952381,NA
"E6a","4_average",8,6,"weight_linear_create",0.10807453416149,NA
"E6a","4_average",14,1,"weight_window_create",1.51428571428571,NA
"E6a","4_average",14,1,"weight_linear_create",0.522142857142857,NA
"E6a","4_average",14,2,"weight_window_create",1.48571428571429,NA
"E6a","4_average",14,2,"weight_linear_create",0.0574829931972789,NA
"E6a","4_average",14,3,"weight_window_create",0.435714285714286,NA
"E6a","4_average",14,3,"weight_linear_create",0.142857142857143,NA
"E6a","4_average",14,4,"weight_window_create",0.142857142857143,NA
"E6a","4_average",14,4,"weight_linear_create",0.0623376623376624,NA
"E6a","4_average",14,5,"weight_window_create",0.472857142857143,NA
"E6a","4_average",14,5,"weight_linear_create",0.0510989010989014,NA
"E6a","4_average",14,6,"weight_window_create",0.677380952380953,NA
"E6a","4_average",14,6,"weight_linear_create",0.125910364145658,NA
"E6a","4_average",14,7,"weight_window_create",0.385714285714286,NA
"E6a","4_average",14,7,"weight_linear_create",0.172222222222222,NA
"E6a","4_average",14,8,"weight_window_create",0.154464285714285,NA
"E6a","4_average",14,8,"weight_linear_create",0.203714285714286,NA
"E6a","4_average",14,9,"weight_window_create",0.00952380952380949,NA
"E6a","4_average",14,9,"weight_linear_create",0.226518883415435,NA
"E6a","4_average",14,10,"weight_window_create",0.162857142857143,NA
"E6a","4_average",14,10,"weight_linear_create",0.243795093795094,NA
"E6a","4_average",14,11,"weight_window_create",0.271428571428572,NA
"E6a","4_average",14,11,"weight_linear_create",0.257335907335907,NA
"E6a","4_average",14,12,"weight_window_create",0.369047619047619,NA
"E6a","4_average",14,12,"weight_linear_create",0.268234610917538,NA
"E6a","5a_average",8,1,"weight_window_create",0.138888888888889,NA
"E6a","5a_average",8,1,"weight_linear_create",0.0322222222222228,NA
"E6a","5a_average",8,2,"weight_window_create",0.0444444444444452,NA
"E6a","5a_average",8,2,"weight_linear_create",0.0119047619047619,NA
"E6a","5a_average",8,3,"weight_window_create",0.0148148148148151,NA
"E6a","5a_average",8,3,"weight_linear_create",0.00488215488215449,NA
"E6a","5a_average",8,4,"weight_window_create",0.0125000000000002,NA
"E6a","5a_average",8,4,"weight_linear_create",0.00160493827160479,NA
"E6a","5a_average",8,5,"weight_window_create",0.00555555555555554,NA
"E6a","5a_average",8,5,"weight_linear_create",0.000292397660818899,NA
"E6a","5a_average",8,6,"weight_window_create",0.00740740740740709,NA
"E6a","5a_average",8,6,"weight_linear_create",0.00152979066022496,NA
"E6a","5a_average",14,1,"weight_window_create",1.62777777777778,NA
"E6a","5a_average",14,1,"weight_linear_create",1.59444444444444,NA
"E6a","5a_average",14,2,"weight_window_create",1.56388888888889,NA
"E6a","5a_average",14,2,"weight_linear_create",1.01005291005291,NA
"E6a","5a_average",14,3,"weight_window_create",1.57777777777778,NA
"E6a","5a_average",14,3,"weight_linear_create",0.469444444444445,NA
"E6a","5a_average",14,4,"weight_window_create",1.61388888888889,NA
"E6a","5a_average",14,4,"weight_linear_create",0.0498989898989897,NA
"E6a","5a_average",14,5,"weight_window_create",0.778888888888889,NA
"E6a","5a_average",14,5,"weight_linear_create",0.272934472934473,NA
"E6a","5a_average",14,6,"weight_window_create",0.228703703703704,NA
"E6a","5a_average",14,6,"weight_linear_create",0.468300653594771,NA
"E6a","5a_average",14,7,"weight_window_create",0.130952380952381,NA
"E6a","5a_average",14,7,"weight_linear_create",0.589241622574955,NA
"E6a","5a_average",14,8,"weight_window_create",0.424305555555556,NA
"E6a","5a_average",14,8,"weight_linear_create",0.671481481481481,NA
"E6a","5a_average",14,9,"weight_window_create",0.651851851851852,NA
"E6a","5a_average",14,9,"weight_linear_create",0.731034482758621,NA
"E6a","5a_average",14,10,"weight_window_create",0.828888888888889,NA
"E6a","5a_average",14,10,"weight_linear_create",0.77615039281706,NA
"E6a","5a_average",14,11,"weight_window_create",0.981313131313131,NA
"E6a","5a_average",14,11,"weight_linear_create",0.811511511511512,NA
"E6a","5a_average",14,12,"weight_window_create",1.10324074074074,NA
"E6a","5a_average",14,12,"weight_linear_create",0.839972899728997,NA
"E6a","6_average",8,1,"weight_window_create",0.26,NA
"E6a","6_average",8,1,"weight_linear_create",0.192,NA
"E6a","6_average",8,2,"weight_window_create",0.176666666666667,NA
"E6a","6_average",8,2,"weight_linear_create",0.154285714285715,NA
"E6a","6_average",8,3,"weight_window_create",0.20888888888889,NA
"E6a","6_average",8,3,"weight_linear_create",0.135757575757577,NA
"E6a","6_average",8,4,"weight_window_create",0.17,NA
"E6a","6_average",8,4,"weight_linear_create",0.127111111111111,NA
"E6a","6_average",8,5,"weight_window_create",0.14,NA
"E6a","6_average",8,5,"weight_linear_create",0.122105263157895,NA
"E6a","6_average",8,6,"weight_window_create",0.103333333333333,NA
"E6a","6_average",8,6,"weight_linear_create",0.118840579710145,NA
"E6a","6_average",14,1,"weight_window_create",1.11333333333333,NA
"E6a","6_average",14,1,"weight_linear_create",1.15466666666667,NA
"E6a","6_average",14,2,"weight_window_create",1.11666666666667,NA
"E6a","6_average",14,2,"weight_linear_create",1.1647619047619,NA
"E6a","6_average",14,3,"weight_window_create",1.14888888888889,NA
"E6a","6_average",14,3,"weight_linear_create",0.899444444444444,NA
"E6a","6_average",14,4,"weight_window_create",1.18833333333333,NA
"E6a","6_average",14,4,"weight_linear_create",0.578545454545454,NA
"E6a","6_average",14,5,"weight_window_create",1.164,NA
"E6a","6_average",14,5,"weight_linear_create",0.283333333333333,NA
"E6a","6_average",14,6,"weight_window_create",1.18222222222222,NA
"E6a","6_average",14,6,"weight_linear_create",0.0981045751633984,NA
"E6a","6_average",14,7,"weight_window_create",0.722857142857143,NA
"E6a","6_average",14,7,"weight_linear_create",0.0165608465608464,NA
"E6a","6_average",14,8,"weight_window_create",0.3575,NA
"E6a","6_average",14,8,"weight_linear_create",0.0945333333333336,NA
"E6a","6_average",14,9,"weight_window_create",0.0933333333333333,NA
"E6a","6_average",14,9,"weight_linear_create",0.150996168582375,NA
"E6a","6_average",14,10,"weight_window_create",0.14,NA
"E6a","6_average",14,10,"weight_linear_create",0.193771043771044,NA
"E6a","6_average",14,11,"weight_window_create",0.333939393939394,NA
"E6a","6_average",14,11,"weight_linear_create",0.227297297297298,NA
"E6a","6_average",14,12,"weight_window_create",0.503888888888889,NA
"E6a","6_average",14,12,"weight_linear_create",0.254281842818428,NA
"E6a","8_average",8,1,"weight_window_create",0.0499999999999998,NA
"E6a","8_average",8,1,"weight_linear_create",0.0737499999999995,NA
"E6a","8_average",8,2,"weight_window_create",0.0999999999999996,NA
"E6a","8_average",8,2,"weight_linear_create",0.0714285714285712,NA
"E6a","8_average",8,3,"weight_window_create",0.0854166666666671,NA
"E6a","8_average",8,3,"weight_linear_create",0.0700757575757578,NA
"E6a","8_average",8,4,"weight_window_create",0.0578124999999998,NA
"E6a","8_average",8,4,"weight_linear_create",0.0694444444444446,NA
"E6a","8_average",8,5,"weight_window_create",0.07125,NA
"E6a","8_average",8,5,"weight_linear_create",0.0690789473684212,NA
"E6a","8_average",8,6,"weight_window_create",0.067708333333333,NA
"E6a","8_average",8,6,"weight_linear_create",0.0688405797101446,NA
"E6a","8_average",14,1,"weight_window_create",1.49375,NA
"E6a","8_average",14,1,"weight_linear_create",0.55125,NA
"E6a","8_average",14,2,"weight_window_create",1.559375,NA
"E6a","8_average",14,2,"weight_linear_create",0.460714285714285,NA
"E6a","8_average",14,3,"weight_window_create",0.44375,NA
"E6a","8_average",14,3,"weight_linear_create",0.290624999999999,NA
"E6a","8_average",14,4,"weight_window_create",0.1078125,NA
"E6a","8_average",14,4,"weight_linear_create",0.0852272727272725,NA
"E6a","8_average",14,5,"weight_window_create",0.26875,NA
"E6a","8_average",14,5,"weight_linear_create",0.0975961538461538,NA
"E6a","8_average",14,6,"weight_window_create",0.469791666666667,NA
"E6a","8_average",14,6,"weight_linear_create",0.21139705882353,NA
"E6a","8_average",14,7,"weight_window_create",0.166964285714286,NA
"E6a","8_average",14,7,"weight_linear_create",0.281845238095238,NA
"E6a","8_average",14,8,"weight_window_create",0.0476562500000002,NA
"E6a","8_average",14,8,"weight_linear_create",0.32975,NA
"E6a","8_average",14,9,"weight_window_create",0.225000000000001,NA
"E6a","8_average",14,9,"weight_linear_create",0.364439655172414,NA
"E6a","8_average",14,10,"weight_window_create",0.375,NA
"E6a","8_average",14,10,"weight_linear_create",0.390719696969697,NA
"E6a","8_average",14,11,"weight_window_create",0.484090909090909,NA
"E6a","8_average",14,11,"weight_linear_create",0.411317567567568,NA
"E6a","8_average",14,12,"weight_window_create",0.58125,NA
"E6a","8_average",14,12,"weight_linear_create",0.427896341463415,NA
"E6a","6_adjusted_average",8,1,"weight_window_create",0.26,NA
"E6a","6_adjusted_average",8,1,"weight_linear_create",0.192,NA
"E6a","6_adjusted_average",8,2,"weight_window_create",0.176666666666667,NA
"E6a","6_adjusted_average",8,2,"weight_linear_create",0.154285714285715,NA
"E6a","6_adjusted_average",8,3,"weight_window_create",0.20888888888889,NA
"E6a","6_adjusted_average",8,3,"weight_linear_create",0.135757575757577,NA
"E6a","6_adjusted_average",8,4,"weight_window_create",0.17,NA
"E6a","6_adjusted_average",8,4,"weight_linear_create",0.127111111111111,NA
"E6a","6_adjusted_average",8,5,"weight_window_create",0.14,NA
"E6a","6_adjusted_average",8,5,"weight_linear_create",0.122105263157895,NA
"E6a","6_adjusted_average",8,6,"weight_window_create",0.103333333333333,NA
"E6a","6_adjusted_average",8,6,"weight_linear_create",0.118840579710145,NA
"E6a","6_adjusted_average",14,1,"weight_window_create",1.11333333333333,NA
"E6a","6_adjusted_average",14,1,"weight_linear_create",1.15466666666667,NA
"E6a","6_adjusted_average",14,2,"weight_window_create",1.11666666666667,NA
"E6a","6_adjusted_average",14,2,"weight_linear_create",0.689206349206349,NA
"E6a","6_adjusted_average",14,3,"weight_window_create",1.14888888888889,NA
"E6a","6_adjusted_average",14,3,"weight_linear_create",0.248333333333334,NA
"E6a","6_adjusted_average",14,4,"weight_window_create",1.18833333333333,NA
"E6a","6_adjusted_average",14,4,"weight_linear_create",0.0922424242424245,NA
"E6a","6_adjusted_average",14,5,"weight_window_create",0.512,NA
"E6a","6_adjusted_average",14,5,"weight_linear_create",0.362136752136752,NA
"E6a","6_adjusted_average",14,6,"weight_window_create",0.0611111111111109,NA
"E6a","6_adjusted_average",14,6,"weight_linear_create",0.527385620915032,NA
"E6a","6_adjusted_average",14,7,"weight_window_create",0.238095238095238,NA
"E6a","6_adjusted_average",14,7,"weight_linear_create",0.62968253968254,NA
"E6a","6_adjusted_average",14,8,"weight_window_create",0.483333333333333,NA
"E6a","6_adjusted_average",14,8,"weight_linear_create",0.699244444444445,NA
"E6a","6_adjusted_average",14,9,"weight_window_create",0.654074074074074,NA
"E6a","6_adjusted_average",14,9,"weight_linear_create",0.749616858237548,NA
"E6a","6_adjusted_average",14,10,"weight_window_create",0.812666666666667,NA
"E6a","6_adjusted_average",14,10,"weight_linear_create",0.787777777777778,NA
"E6a","6_adjusted_average",14,11,"weight_window_create",0.945454545454545,NA
"E6a","6_adjusted_average",14,11,"weight_linear_create",0.817687687687688,NA
"E6a","6_adjusted_average",14,12,"weight_window_create",1.06444444444444,NA
"E6a","6_adjusted_average",14,12,"weight_linear_create",0.841761517615176,NA
